"reviewPriority","reviewBatch","playerKey","playerName","classicRole","mantraRoles","realTeam","realTeamOriginal","fantacalcioId","quotationCurrent","fvm","fantasyRoster","fbrefSearchQuery","fbrefSearchUrl","fbrefId","fbrefName","fbrefUrl","matchStatus","confidence","source","sourceVerifiedAt","mappedInRelease","notes"
"3","batch-01","fc-5585","Malen","A","A","ROM","Roma","5585","25","350","Ac Milan","Malen Roma fbref","https://fbref.com/en/search/search.fcgi?search=Malen%20Roma%20fbref","116c35df","Donyell Malen","https://fbref.com/en/players/116c35df/Donyell-Malen","confirmed","0.98","FBref","2026-06-05","V373","Batch-01 verificato manualmente su FBref; nome e club coerenti."
"1","batch-01","fc-254","Dimarco","D","E","INT","Inter","254","30","320","River Plaid","Dimarco Inter fbref","https://fbref.com/en/search/search.fcgi?search=Dimarco%20Inter%20fbref","970b8574","Federico Dimarco","https://fbref.com/en/players/970b8574/Federico-Dimarco","confirmed","0.98","FBref","2026-06-05","V373","Batch-01 verificato manualmente su FBref; nome e club coerenti."
"2","batch-01","fc-2764","Martinez L.","A","Pc","INT","Inter","2764","33","315","Prestige Worldwide","Martinez L Inter fbref","https://fbref.com/en/search/search.fcgi?search=Martinez%20L%20Inter%20fbref","f7036e1c","Lautaro Martínez","https://fbref.com/en/players/f7036e1c/Lautaro-Martinez","confirmed","0.98","FBref","2026-06-05","V373","Nome listone abbreviato: associato a Lautaro Martínez."
"5","batch-01","fc-4871","Thuram","A","Pc","INT","Inter","4871","32","270","River Plaid","Thuram Inter fbref","https://fbref.com/en/search/search.fcgi?search=Thuram%20Inter%20fbref","6f8cd6d0","Marcus Thuram","https://fbref.com/en/players/6f8cd6d0/Marcus-Thuram","confirmed","0.98","FBref","2026-06-05","V373","Batch-01 verificato manualmente su FBref; nome e club coerenti."
"4","batch-01","fc-6875","Paz N.","C","T/A","COM","Como","6875","26","245","FC DueFratelli2005","Paz N Como fbref","https://fbref.com/en/search/search.fcgi?search=Paz%20N%20Como%20fbref","01bb93d5","Nicolás Paz","https://fbref.com/en/players/01bb93d5/Nicolas-Paz","confirmed","0.98","FBref","2026-06-05","V373","Omonimia controllata: scelto il profilo Nicolás Paz di Como/Real Madrid."
"7","batch-01","fc-4777","McTominay","C","C/T","NAP","Napoli","4777","25","215","Beetlejuice","McTominay Napoli fbref","https://fbref.com/en/search/search.fcgi?search=McTominay%20Napoli%20fbref","d93c2511","Scott McTominay","https://fbref.com/en/players/d93c2511/Scott-McTominay","confirmed","0.98","FBref","2026-06-05","V373","Batch-01 verificato manualmente su FBref; nome e club coerenti."
"6","batch-01","fc-6052","Hojlund","A","Pc","NAP","Napoli","6052","27","213","Beetlejuice","Hojlund Napoli fbref","https://fbref.com/en/search/search.fcgi?search=Hojlund%20Napoli%20fbref","491a433d","Rasmus Højlund","https://fbref.com/en/players/491a433d/Rasmus-Hojlund","confirmed","0.98","FBref","2026-06-05","V373","Batch-01 verificato manualmente su FBref; nome e club coerenti."
"8","batch-01","fc-7017","Douvikas","A","Pc","COM","Como","7017","26","200","As Paperopoli","Douvikas Como fbref","https://fbref.com/en/search/search.fcgi?search=Douvikas%20Como%20fbref","853ca71c","Anastasios Douvikas","https://fbref.com/en/players/853ca71c/Anastasios-Douvikas","confirmed","0.98","FBref","2026-06-05","V373","Batch-01 verificato manualmente su FBref; nome e club coerenti."
"10","batch-01","fc-2379","Rabiot","C","C/T","MIL","Milan","2379","23","195","Ac Milan","Rabiot Milan fbref","https://fbref.com/en/search/search.fcgi?search=Rabiot%20Milan%20fbref","8794e251","Adrien Rabiot","https://fbref.com/en/players/8794e251/Adrien-Rabiot","confirmed","0.98","FBref","2026-06-05","V373","Batch-01 verificato manualmente su FBref; nome e club coerenti."
"11","batch-01","fc-2194","Calhanoglu","C","M/C","INT","Inter","2194","24","190","River Plaid","Calhanoglu Inter fbref","https://fbref.com/en/search/search.fcgi?search=Calhanoglu%20Inter%20fbref","cd0fa27b","Hakan Çalhanoğlu","https://fbref.com/en/players/cd0fa27b/Hakan-Calhanoglu","confirmed","0.98","FBref","2026-06-05","V373","Batch-01 verificato manualmente su FBref; nome e club coerenti."
"9","batch-01","fc-6434","Yildiz","A","A","JUV","Juventus","6434","26","182","Olympic Salerno  FC","Yildiz Juventus fbref","https://fbref.com/en/search/search.fcgi?search=Yildiz%20Juventus%20fbref","d8cda243","Kenan Yıldız","https://fbref.com/en/players/d8cda243/Kenan-Yildiz","confirmed","0.98","FBref","2026-06-05","V373","Batch-01 verificato manualmente su FBref; nome e club coerenti."
"12","batch-01","fc-2167","Orsolini","C","W/A","BOL","Bologna","2167","19","150","Prestige Worldwide","Orsolini Bologna fbref","https://fbref.com/en/search/search.fcgi?search=Orsolini%20Bologna%20fbref","e14ec482","Riccardo Orsolini","https://fbref.com/en/players/e14ec482/Riccardo-Orsolini","confirmed","0.98","FBref","2026-06-05","V373","Batch-01 verificato manualmente su FBref; nome e club coerenti."
"13","batch-01","fc-5637","Davis K.","A","Pc","UDI","Udinese","5637","24","110","River Plaid","Davis K Udinese fbref","https://fbref.com/en/search/search.fcgi?search=Davis%20K%20Udinese%20fbref","9deaf2c8","Keinan Davis","https://fbref.com/en/players/9deaf2c8/Keinan-Davis","confirmed","0.98","FBref","2026-06-05","V373","Batch-01 verificato manualmente su FBref; nome e club coerenti."
"19","batch-01","fc-4973","McKennie","C","M/C","JUV","Juventus","4973","18","107","real mappine","McKennie Juventus fbref","https://fbref.com/en/search/search.fcgi?search=McKennie%20Juventus%20fbref","01c3aff5","Weston McKennie","https://fbref.com/en/players/01c3aff5/Weston-McKennie","confirmed","0.98","FBref","2026-06-05","V373","Batch-01 verificato manualmente su FBref; nome e club coerenti."
"15","batch-01","fc-5841","Svilar","P","Por","ROM","Roma","5841","17","105","FC DueFratelli2005","Svilar Roma fbref","https://fbref.com/en/search/search.fcgi?search=Svilar%20Roma%20fbref","bcf5058a","Mile Svilar","https://fbref.com/en/players/bcf5058a/Mile-Svilar","confirmed","0.98","FBref","2026-06-05","V373","Batch-01 verificato manualmente su FBref; nome e club coerenti."
"57","batch-02","fc-2841","Vlahovic","A","Pc","JUV","Juventus","2841","16","100","Olympic Salerno  FC","Vlahovic Juventus fbref","https://fbref.com/en/search/search.fcgi?search=Vlahovic%20Juventus%20fbref","79443529","Dušan Vlahović","https://fbref.com/en/players/79443529/Dusan-Vlahovic","confirmed","0.98","FBref","2026-06-05","V374","Nome listone senza accenti: associato a Dušan Vlahović, Juventus. Batch-02 verificato manualmente su FBref."
"16","batch-01","fc-5687","Vlasic","C","T","TOR","Torino","5687","17","100","FC DueFratelli2005","Vlasic Torino fbref","https://fbref.com/en/search/search.fcgi?search=Vlasic%20Torino%20fbref","aa8e289e","Nikola Vlašić","https://fbref.com/en/players/aa8e289e/Nikola-Vlasic","confirmed","0.98","FBref","2026-06-05","V373","Batch-01 verificato manualmente su FBref; nome e club coerenti."
"21","batch-01","fc-2766","Zaniolo","C","T/A","UDI","Udinese","2766","19","100","Olympic Salerno  FC","Zaniolo Udinese fbref","https://fbref.com/en/search/search.fcgi?search=Zaniolo%20Udinese%20fbref","9907b1c8","Nicolò Zaniolo","https://fbref.com/en/players/9907b1c8/Nicolo-Zaniolo","confirmed","0.98","FBref","2026-06-05","V373","Batch-01 verificato manualmente su FBref; nome e club coerenti."
"26","batch-01","fc-2423","Pulisic","C","T/A","MIL","Milan","2423","24","100","Prestige Worldwide","Pulisic Milan fbref","https://fbref.com/en/search/search.fcgi?search=Pulisic%20Milan%20fbref","1bf33a9a","Christian Pulisic","https://fbref.com/en/players/1bf33a9a/Christian-Pulisic","confirmed","0.98","FBref","2026-06-05","V373","Batch-01 verificato manualmente su FBref; nome e club coerenti."
"20","batch-01","fc-2061","Simeone","A","Pc","TOR","Torino","2061","22","99","River Plaid","Simeone Torino fbref","https://fbref.com/en/search/search.fcgi?search=Simeone%20Torino%20fbref","343c0d52","Giovanni Simeone","https://fbref.com/en/players/343c0d52/Giovanni-Simeone","confirmed","0.98","FBref","2026-06-05","V373","Batch-01 verificato manualmente su FBref; nome e club coerenti."
"18","batch-01","fc-6435","Krstovic","A","Pc","ATA","Atalanta","6435","24","95","Ac Milan","Krstovic Atalanta fbref","https://fbref.com/en/search/search.fcgi?search=Krstovic%20Atalanta%20fbref","473803c9","Nikola Krstović","https://fbref.com/en/players/473803c9/Nikola-Krstovic","confirmed","0.98","FBref","2026-06-05","V373","Batch-01 verificato manualmente su FBref; nome e club coerenti."
"37","batch-01","fc-2137","Scamacca","A","Pc","ATA","Atalanta","2137","23","95","FC DueFratelli2005","Scamacca Atalanta fbref","https://fbref.com/en/search/search.fcgi?search=Scamacca%20Atalanta%20fbref","8790f988","Gianluca Scamacca","https://fbref.com/en/players/8790f988/Gianluca-Scamacca","confirmed","0.98","FBref","2026-06-05","V373","Batch-01 verificato manualmente su FBref; nome e club coerenti."
"30","batch-01","fc-7126","Baturina","C","T","COM","Como","7126","24","95","Olympic Salerno  FC","Baturina Como fbref","https://fbref.com/en/search/search.fcgi?search=Baturina%20Como%20fbref","d1eda5f0","Martin Baturina","https://fbref.com/en/players/d1eda5f0/Martin-Baturina","confirmed","0.98","FBref","2026-06-05","V373","Batch-01 verificato manualmente su FBref; nome e club coerenti."
"23","batch-01","fc-6966","Butez","P","Por","COM","Como","6966","16","95","Beetlejuice","Butez Como fbref","https://fbref.com/en/search/search.fcgi?search=Butez%20Como%20fbref","7f40333d","Jean Butez","https://fbref.com/en/players/7f40333d/Jean-Butez","confirmed","0.98","FBref","2026-06-05","V373","Batch-01 verificato manualmente su FBref; nome e club coerenti."
"45","batch-01","fc-2517","De Bruyne","C","T","NAP","Napoli","2517","21","92","As Paperopoli","De Bruyne Napoli fbref","https://fbref.com/en/search/search.fcgi?search=De%20Bruyne%20Napoli%20fbref","e46012d4","Kevin De Bruyne","https://fbref.com/en/players/e46012d4/Kevin-De-Bruyne","confirmed","0.98","FBref","2026-06-05","V373","Batch-01 verificato manualmente su FBref; nome e club coerenti."
"32","batch-01","fc-531","Berardi","A","A","SAS","Sassuolo","531","25","90","Prestige Worldwide","Berardi Sassuolo fbref","https://fbref.com/en/search/search.fcgi?search=Berardi%20Sassuolo%20fbref","53a0e358","Domenico Berardi","https://fbref.com/en/players/53a0e358/Domenico-Berardi","confirmed","0.98","FBref","2026-06-05","V373","Batch-01 verificato manualmente su FBref; nome e club coerenti."
"29","batch-01","fc-2606","Modric","C","C","MIL","Milan","2606","18","90","River Plaid","Modric Milan fbref","https://fbref.com/en/search/search.fcgi?search=Modric%20Milan%20fbref","6025fab1","Luka Modrić","https://fbref.com/en/players/6025fab1/Luka-Modric","confirmed","0.98","FBref","2026-06-05","V373","Batch-01 verificato manualmente su FBref; nome e club coerenti."
"28","batch-01","fc-4312","Maignan","P","Por","MIL","Milan","4312","16","88","real mappine","Maignan Milan fbref","https://fbref.com/en/search/search.fcgi?search=Maignan%20Milan%20fbref","fcb38f57","Mike Maignan","https://fbref.com/en/players/fcb38f57/Mike-Maignan","confirmed","0.98","FBref","2026-06-05","V373","Batch-01 verificato manualmente su FBref; nome e club coerenti."
"27","batch-01","fc-5734","Soulè","A","A","ROM","Roma","5734","20","85","Prestige Worldwide","Soulè Roma fbref","https://fbref.com/en/search/search.fcgi?search=Soul%C3%A8%20Roma%20fbref","c13ddd3e","Matìas Soulé","https://fbref.com/en/players/c13ddd3e/Matias-Soule","confirmed","0.98","FBref","2026-06-05","V373","Batch-01 verificato manualmente su FBref; nome e club coerenti."
"22","batch-01","fc-6908","Atta","C","C","UDI","Udinese","6908","20","85","real mappine","Atta Udinese fbref","https://fbref.com/en/search/search.fcgi?search=Atta%20Udinese%20fbref","d3ddf88b","Arthur Atta","https://fbref.com/en/players/d3ddf88b/Arthur-Atta","confirmed","0.98","FBref","2026-06-05","V373","Batch-01 verificato manualmente su FBref; nome e club coerenti."
"14","batch-01","fc-6060","Laurientè","A","A","SAS","Sassuolo","6060","21","82","Real Pisistrius","Laurientè Sassuolo fbref","https://fbref.com/en/search/search.fcgi?search=Laurient%C3%A8%20Sassuolo%20fbref","2d22cea7","Armand Lauriente","https://fbref.com/en/players/2d22cea7/Armand-Lauriente","confirmed","0.98","FBref","2026-06-05","V373","Batch-01 verificato manualmente su FBref; nome e club coerenti."
"33","batch-01","fc-4510","Leao","A","A","MIL","Milan","4510","20","80","Beetlejuice","Leao Milan fbref","https://fbref.com/en/search/search.fcgi?search=Leao%20Milan%20fbref","20730eae","Rafael Leão","https://fbref.com/en/players/20730eae/Rafael-Leao","confirmed","0.98","FBref","2026-06-05","V373","Batch-01 verificato manualmente su FBref; nome e club coerenti."
"17","batch-01","fc-5559","Da Cunha","C","C/W/T","COM","Como","5559","20","80","Afc Severgas Baronissi","Da Cunha Como fbref","https://fbref.com/en/search/search.fcgi?search=Da%20Cunha%20Como%20fbref","007faf7a","Lucas Da Cunha","https://fbref.com/en/players/007faf7a/Lucas-Da-Cunha","confirmed","0.98","FBref","2026-06-05","V373","Batch-01 verificato manualmente su FBref; nome e club coerenti."
"24","batch-01","fc-4431","Carnesecchi","P","Por","ATA","Atalanta","4431","18","80","Olympic Salerno  FC","Carnesecchi Atalanta fbref","https://fbref.com/en/search/search.fcgi?search=Carnesecchi%20Atalanta%20fbref","8ec56e62","Marco Carnesecchi","https://fbref.com/en/players/8ec56e62/Marco-Carnesecchi","confirmed","0.98","FBref","2026-06-05","V373","Batch-01 verificato manualmente su FBref; nome e club coerenti."
"34","batch-01","fc-6832","Palestra","D","E","CAG","Cagliari","6832","16","75","Olympic Salerno  FC","Palestra Cagliari fbref","https://fbref.com/en/search/search.fcgi?search=Palestra%20Cagliari%20fbref","1f1828dd","Marco Palestra","https://fbref.com/en/players/1f1828dd/Marco-Palestra","confirmed","0.98","FBref","2026-06-05","V373","Batch-01 verificato manualmente su FBref; nome e club coerenti."
"40","batch-01","fc-2788","Bremer","D","Dc","JUV","Juventus","2788","20","74","Olympic Salerno  FC","Bremer Juventus fbref","https://fbref.com/en/search/search.fcgi?search=Bremer%20Juventus%20fbref","5fd5ed86","Gleison Bremer","https://fbref.com/en/players/5fd5ed86/Gleison-Bremer","confirmed","0.98","FBref","2026-06-05","V373","Batch-01 verificato manualmente su FBref; nome e club coerenti."
"25","batch-01","fc-4463","Esposito Se.","A","A","CAG","Cagliari","4463","21","70","Prestige Worldwide","Esposito Se Cagliari fbref","https://fbref.com/en/search/search.fcgi?search=Esposito%20Se%20Cagliari%20fbref","7ff93107","Sebastiano Esposito","https://fbref.com/en/players/7ff93107/Sebastiano-Esposito","confirmed","0.98","FBref","2026-06-05","V373","Batch-01 verificato manualmente su FBref; nome e club coerenti."
"41","batch-01","fc-4976","Kalulu","D","Dd/Dc","JUV","Juventus","4976","14","68","real mappine","Kalulu Juventus fbref","https://fbref.com/en/search/search.fcgi?search=Kalulu%20Juventus%20fbref","85f7d1be","Pierre Kalulu","https://fbref.com/en/players/85f7d1be/Pierre-Kalulu","confirmed","0.98","FBref","2026-06-05","V373","Batch-01 verificato manualmente su FBref; nome e club coerenti."
"31","batch-01","fc-7023","Pellegrino M.","A","Pc","PAR","Parma","7023","18","67","Olympic Salerno  FC","Pellegrino M Parma fbref","https://fbref.com/en/search/search.fcgi?search=Pellegrino%20M%20Parma%20fbref","8c9e96c5","Mateo Pellegrino","https://fbref.com/en/players/8c9e96c5/Mateo-Pellegrino","confirmed","0.98","FBref","2026-06-05","V373","Batch-01 verificato manualmente su FBref; nome e club coerenti."
"36","batch-01","fc-6717","Konè I.","C","M/C","SAS","Sassuolo","6717","17","67","Beetlejuice","Konè I Sassuolo fbref","https://fbref.com/en/search/search.fcgi?search=Kon%C3%A8%20I%20Sassuolo%20fbref","e0220b70","Ismaël Koné","https://fbref.com/en/players/e0220b70/Ismael-Kone","confirmed","0.98","FBref","2026-06-05","V373","Omonimia controllata: scelto Ismaël Koné collegato a Sassuolo, non omonimo NB I."
"44","batch-01","fc-6884","Conceicao","C","W/A","JUV","Juventus","6884","18","65","Afc Severgas Baronissi","Conceicao Juventus fbref","https://fbref.com/en/search/search.fcgi?search=Conceicao%20Juventus%20fbref","5ef3d210","Francisco Conceição","https://fbref.com/en/players/5ef3d210/Francisco-Conceicao","confirmed","0.98","FBref","2026-06-05","V373","Batch-01 verificato manualmente su FBref; nome e club coerenti."
"58","batch-02","fc-4159","Akanji","D","Dc","INT","Inter","4159","13","64","Prestige Worldwide","Akanji Inter fbref","https://fbref.com/en/search/search.fcgi?search=Akanji%20Inter%20fbref","89ac64a6","Manuel Akanji","https://fbref.com/en/players/89ac64a6/Manuel-Akanji","confirmed","0.98","FBref","2026-06-05","V374","Nome listone univoco; profilo FBref collegato a Inter/Manchester City. Batch-02 verificato manualmente su FBref."
"42","batch-01","fc-1933","Mandragora","C","M/C","FIO","Fiorentina","1933","17","60","real mappine","Mandragora Fiorentina fbref","https://fbref.com/en/search/search.fcgi?search=Mandragora%20Fiorentina%20fbref","c7259b83","Rolando Mandragora","https://fbref.com/en/players/c7259b83/Rolando-Mandragora","confirmed","0.98","FBref","2026-06-05","V373","Batch-01 verificato manualmente su FBref; nome e club coerenti."
"38","batch-01","fc-152","Zielinski","C","C/T","INT","Inter","152","20","60","Real Pisistrius","Zielinski Inter fbref","https://fbref.com/en/search/search.fcgi?search=Zielinski%20Inter%20fbref","a5296e55","Piotr Zieliński","https://fbref.com/en/players/a5296e55/Piotr-Zielinski","confirmed","0.98","FBref","2026-06-05","V373","Batch-01 verificato manualmente su FBref; nome e club coerenti."
"43","batch-01","fc-5022","Pavlovic","D","Dc","MIL","Milan","5022","17","60","Olympic Salerno  FC","Pavlovic Milan fbref","https://fbref.com/en/search/search.fcgi?search=Pavlovic%20Milan%20fbref","25146df0","Strahinja Pavlović","https://fbref.com/en/players/25146df0/Strahinja-Pavlovic","confirmed","0.98","FBref","2026-06-05","V373","Batch-01 verificato manualmente su FBref; nome e club coerenti."
"56","batch-02","fc-2428","Sommer","P","Por","INT","Inter","2428","13","60","Afc Severgas Baronissi","Sommer Inter fbref","https://fbref.com/en/search/search.fcgi?search=Sommer%20Inter%20fbref","420c18a1","Yann Sommer","https://fbref.com/en/players/420c18a1/Yann-Sommer","confirmed","0.98","FBref","2026-06-05","V374","Portiere Inter: profilo FBref Yann Sommer. Batch-02 verificato manualmente su FBref."
"51","batch-02","fc-5995","De Ketelaere","A","A","ATA","Atalanta","5995","16","59","FC DueFratelli2005","De Ketelaere Atalanta fbref","https://fbref.com/en/search/search.fcgi?search=De%20Ketelaere%20Atalanta%20fbref","2ef7c612","Charles De Ketelaere","https://fbref.com/en/players/2ef7c612/Charles-De-Ketelaere","confirmed","0.98","FBref","2026-06-05","V374","Nome listone abbreviato: associato a Charles De Ketelaere, Atalanta. Batch-02 verificato manualmente su FBref."
"39","batch-01","fc-1870","Barella","C","C","INT","Inter","1870","18","58","Prestige Worldwide","Barella Inter fbref","https://fbref.com/en/search/search.fcgi?search=Barella%20Inter%20fbref","6928979a","Nicolò Barella","https://fbref.com/en/players/6928979a/Nicolo-Barella","confirmed","0.98","FBref","2026-06-05","V373","Batch-01 verificato manualmente su FBref; nome e club coerenti."
"125","batch-03","fc-5513","Dumfries","D","E","INT","Inter","5513","12","56","Prestige Worldwide","Dumfries Inter fbref","https://fbref.com/en/search/search.fcgi?search=Dumfries%20Inter%20fbref","481c9ece","Denzel Dumfries","https://fbref.com/en/players/481c9ece/Denzel-Dumfries","confirmed","0.98","FBref","2026-06-05","V375","Nome listone cognome: associato a Denzel Dumfries, Inter. Batch-03 verificato manualmente su FBref."
"49","batch-01","fc-2038","Pinamonti","A","Pc","SAS","Sassuolo","2038","16","55","Ac Milan","Pinamonti Sassuolo fbref","https://fbref.com/en/search/search.fcgi?search=Pinamonti%20Sassuolo%20fbref","08aa9cd1","Andrea Pinamonti","https://fbref.com/en/players/08aa9cd1/Andrea-Pinamonti","confirmed","0.98","FBref","2026-06-05","V373","Batch-01 verificato manualmente su FBref; nome e club coerenti."
"55","batch-02","fc-6956","Solet","D","Dc","UDI","Udinese","6956","14","55","Real Pisistrius","Solet Udinese fbref","https://fbref.com/en/search/search.fcgi?search=Solet%20Udinese%20fbref","0670ee51","Oumar Solet","https://fbref.com/en/players/0670ee51/Oumar-Solet","confirmed","0.98","FBref","2026-06-05","V374","Nome listone cognome: associato a Oumar Solet, Udinese. Batch-02 verificato manualmente su FBref."
"169","batch-04","fc-7351","Santos A.","C","W/A","NAP","Napoli","7351","12","54","FC DueFratelli2005","Santos A Napoli fbref","https://fbref.com/en/search/search.fcgi?search=Santos%20A%20Napoli%20fbref","c67e9194","Alisson Santos","https://fbref.com/en/players/c67e9194/Alisson-Santos","confirmed","0.98","FBref","2026-06-05","V376","Nome listone Santos A.: associato ad Alisson Santos, Napoli/Sporting; Fantacalcio id 7351 coerente. Batch-04 verificato manualmente su FBref."
"47","batch-01","fc-2296","Mancini","D","Dc","ROM","Roma","2296","15","54","Ac Milan","Mancini Roma fbref","https://fbref.com/en/search/search.fcgi?search=Mancini%20Roma%20fbref","5aa53281","Gianluca Mancini","https://fbref.com/en/players/5aa53281/Gianluca-Mancini","confirmed","0.98","FBref","2026-06-05","V373","Batch-01 verificato manualmente su FBref; nome e club coerenti."
"118","batch-03","fc-7314","Taylor K.","C","C/T","LAZ","Lazio","7314","14","52","Olympic Salerno  FC","Taylor K Lazio fbref","https://fbref.com/en/search/search.fcgi?search=Taylor%20K%20Lazio%20fbref","ad9b2747","Kenneth Taylor","https://fbref.com/en/players/ad9b2747/Kenneth-Taylor","confirmed","0.98","FBref","2026-06-05","V375","Nome listone Taylor K.: associato a Kenneth Taylor, Lazio. Batch-03 verificato manualmente su FBref."
"61","batch-02","fc-6684","Ekkelenkamp","C","C/T","UDI","Udinese","6684","14","51","Afc Severgas Baronissi","Ekkelenkamp Udinese fbref","https://fbref.com/en/search/search.fcgi?search=Ekkelenkamp%20Udinese%20fbref","73d6a176","Jurgen Ekkelenkamp","https://fbref.com/en/players/73d6a176/Jurgen-Ekkelenkamp","confirmed","0.98","FBref","2026-06-05","V374","Nome listone cognome: associato a Jurgen Ekkelenkamp, Udinese. Batch-02 verificato manualmente su FBref."
"82","batch-02","fc-4317","N'Dicka","D","Dc","ROM","Roma","4317","12","51","Ac Milan","N'Dicka Roma fbref","https://fbref.com/en/search/search.fcgi?search=N'Dicka%20Roma%20fbref","441197b8","Obite N'Dicka","https://fbref.com/en/players/441197b8/Obite-NDicka","confirmed","0.98","FBref","2026-06-05","V374","Nome listone N'Dicka: associato a Obite/Evan N'Dicka, Roma. Batch-02 verificato manualmente su FBref."
"111","batch-03","fc-309","Dybala","A","A","ROM","Roma","309","13","50","Real Pisistrius","Dybala Roma fbref","https://fbref.com/en/search/search.fcgi?search=Dybala%20Roma%20fbref","e0921a4f","Paulo Dybala","https://fbref.com/en/players/e0921a4f/Paulo-Dybala","confirmed","0.98","FBref","2026-06-05","V375","Nome listone cognome: associato a Paulo Dybala, Roma. Batch-03 verificato manualmente su FBref."
"48","batch-01","fc-6151","Perrone","C","M/C","COM","Como","6151","16","50","Ac Milan","Perrone Como fbref","https://fbref.com/en/search/search.fcgi?search=Perrone%20Como%20fbref","53552942","Máximo Perrone","https://fbref.com/en/players/53552942/Maximo-Perrone","confirmed","0.98","FBref","2026-06-05","V373","Batch-01 verificato manualmente su FBref; nome e club coerenti."
"170","batch-04","fc-4486","Strefezza","C","W/A","PAR","Parma","4486","13","50","Afc Severgas Baronissi","Strefezza Parma fbref","https://fbref.com/en/search/search.fcgi?search=Strefezza%20Parma%20fbref","ac4a4508","Gabriel Strefezza","https://fbref.com/en/players/ac4a4508/Gabriel-Strefezza","confirmed","0.98","FBref","2026-06-05","V376","Nome listone cognome: associato a Gabriel Strefezza, Parma/Como; profilo storico FBref unico. Batch-04 verificato manualmente su FBref."
"66","batch-02","fc-5750","Ostigard","D","Dc","GEN","Genoa","5750","15","50","Prestige Worldwide","Ostigard Genoa fbref","https://fbref.com/en/search/search.fcgi?search=Ostigard%20Genoa%20fbref","b35a7399","Leo Skiri Østigård","https://fbref.com/en/players/b35a7399/Leo-Skiri-Ostigard","confirmed","0.98","FBref","2026-06-05","V374","Nome listone senza accenti: associato a Leo Skiri Østigård, Genoa. Batch-02 verificato manualmente su FBref."
"72","batch-02","fc-6844","Rowe","C","W/T","BOL","Bologna","6844","15","49","Ac Milan","Rowe Bologna fbref","https://fbref.com/en/search/search.fcgi?search=Rowe%20Bologna%20fbref","8c12f884","Jonathan Rowe","https://fbref.com/en/players/8c12f884/Jonathan-Rowe","confirmed","0.98","FBref","2026-06-05","V374","Nome listone cognome: associato a Jonathan Rowe, Bologna. Batch-02 verificato manualmente su FBref."
"62","batch-02","fc-827","Locatelli","C","M/C","JUV","Juventus","827","12","47","Beetlejuice","Locatelli Juventus fbref","https://fbref.com/en/search/search.fcgi?search=Locatelli%20Juventus%20fbref","a8a874f1","Manuel Locatelli","https://fbref.com/en/players/a8a874f1/Manuel-Locatelli","confirmed","0.99","FBref","2026-06-05","V374","Nome listone cognome: associato a Manuel Locatelli, Juventus. Batch-02 verificato manualmente su FBref."
"75","batch-02","fc-7181","Wesley","D","E","ROM","Roma","7181","14","46","Afc Severgas Baronissi","Wesley Roma fbref","https://fbref.com/en/search/search.fcgi?search=Wesley%20Roma%20fbref","f2c49c79","Wesley","https://fbref.com/en/players/f2c49c79/Wesley","confirmed","0.98","FBref","2026-06-05","V374","Profilo FBref Wesley collegato a Roma/Flamengo. Batch-02 verificato manualmente su FBref."
"138","batch-03","fc-4409","Rrahmani","D","Dc","NAP","Napoli","4409","11","45","Olympic Salerno  FC","Rrahmani Napoli fbref","https://fbref.com/en/search/search.fcgi?search=Rrahmani%20Napoli%20fbref","4b3e1a38","Amir Rrahmani","https://fbref.com/en/players/4b3e1a38/Amir-Rrahmani","confirmed","0.98","FBref","2026-06-05","V375","Nome listone cognome: associato ad Amir Rrahmani, Napoli. Batch-03 verificato manualmente su FBref."
"65","batch-02","fc-4728","Nkunku","A","A","MIL","Milan","4728","18","43","real mappine","Nkunku Milan fbref","https://fbref.com/en/search/search.fcgi?search=Nkunku%20Milan%20fbref","7c56da38","Christopher Nkunku","https://fbref.com/en/players/7c56da38/Christopher-Nkunku","confirmed","0.98","FBref","2026-06-05","V374","Nome listone cognome: associato a Christopher Nkunku, Milan. Batch-02 verificato manualmente su FBref."
"46","batch-01","fc-7071","Esposito F.P.","A","Pc","INT","Inter","7071","22","41","Olympic Salerno  FC","Esposito F.P Inter fbref","https://fbref.com/en/search/search.fcgi?search=Esposito%20F.P%20Inter%20fbref","041e5f1f","Francesco Esposito","https://fbref.com/en/players/041e5f1f/Francesco-Esposito","confirmed","0.98","FBref","2026-06-05","V373","FBref usa il nome Francesco Esposito per Francesco Pio Esposito."
"68","batch-02","fc-5562","Thuram K.","C","M/C","JUV","Juventus","5562","14","41","real mappine","Thuram K Juventus fbref","https://fbref.com/en/search/search.fcgi?search=Thuram%20K%20Juventus%20fbref","7d9397f8","Khéphren Thuram","https://fbref.com/en/players/7d9397f8/Khephren-Thuram","confirmed","0.98","FBref","2026-06-05","V374","Nome listone Thuram K.: associato a Khéphren Thuram, Juventus. Batch-02 verificato manualmente su FBref."
"89","batch-02","fc-6217","Bisseck","D","Dc","INT","Inter","6217","15","41","real mappine","Bisseck Inter fbref","https://fbref.com/en/search/search.fcgi?search=Bisseck%20Inter%20fbref","3963c25b","Yann Aurel Bisseck","https://fbref.com/en/players/3963c25b/Yann-Aurel-Bisseck","confirmed","0.98","FBref","2026-06-05","V374","Nome listone cognome: associato a Yann Aurel Bisseck, Inter. Batch-02 verificato manualmente su FBref."
"81","batch-02","fc-2097","Kean","A","Pc","FIO","Fiorentina","2097","16","40","Olympic Salerno  FC","Kean Fiorentina fbref","https://fbref.com/en/search/search.fcgi?search=Kean%20Fiorentina%20fbref","3d50bcdb","Moise Kean","https://fbref.com/en/players/3d50bcdb/Moise-Kean","confirmed","0.98","FBref","2026-06-05","V374","Nome listone cognome: associato a Moise Kean, Fiorentina. Batch-02 verificato manualmente su FBref."
"35","batch-01","fc-505","Bonazzoli","A","A","CRE","Cremonese","505","22","40","Prestige Worldwide","Bonazzoli Cremonese fbref","https://fbref.com/en/search/search.fcgi?search=Bonazzoli%20Cremonese%20fbref","bf57eaab","Federico Bonazzoli","https://fbref.com/en/players/bf57eaab/Federico-Bonazzoli","confirmed","0.98","FBref","2026-06-05","V373","Batch-01 verificato manualmente su FBref; nome e club coerenti."
"67","batch-02","fc-5844","Thorstvedt","C","C/T","SAS","Sassuolo","5844","15","40","Ac Milan","Thorstvedt Sassuolo fbref","https://fbref.com/en/search/search.fcgi?search=Thorstvedt%20Sassuolo%20fbref","76ff8d0d","Kristian Thorstvedt","https://fbref.com/en/players/76ff8d0d/Kristian-Thorstvedt","confirmed","0.98","FBref","2026-06-05","V374","Nome listone cognome: associato a Kristian Thorstvedt, Sassuolo. Batch-02 verificato manualmente su FBref."
"88","batch-02","fc-2120","Bastoni","D","Dc","INT","Inter","2120","13","40","real mappine","Bastoni Inter fbref","https://fbref.com/en/search/search.fcgi?search=Bastoni%20Inter%20fbref","75b86fb3","Alessandro Bastoni","https://fbref.com/en/players/75b86fb3/Alessandro-Bastoni","confirmed","0.98","FBref","2026-06-05","V374","Nome listone cognome: associato ad Alessandro Bastoni, Inter. Batch-02 verificato manualmente su FBref."
"87","batch-02","fc-5589","Konè M.","C","M/C","ROM","Roma","5589","13","39","Olympic Salerno  FC","Konè M Roma fbref","https://fbref.com/en/search/search.fcgi?search=Kon%C3%A8%20M%20Roma%20fbref","86574238","Manu Koné","https://fbref.com/en/players/86574238/Manu-Kone","confirmed","0.98","FBref","2026-06-05","V374","Nome listone Konè M.: associato a Manu Koné, Roma. Batch-02 verificato manualmente su FBref."
"52","batch-02","fc-4923","Colombo","A","Pc","GEN","Genoa","4923","14","37","FC DueFratelli2005","Colombo Genoa fbref","https://fbref.com/en/search/search.fcgi?search=Colombo%20Genoa%20fbref","04df29a5","Lorenzo Colombo","https://fbref.com/en/players/04df29a5/Lorenzo-Colombo","confirmed","0.98","FBref","2026-06-05","V374","Nome listone cognome: associato a Lorenzo Colombo, Genoa. Batch-02 verificato manualmente su FBref."
"151","batch-04","fc-4371","Raspadori","A","A","ATA","Atalanta","4371","15","37","Real Pisistrius","Raspadori Atalanta fbref","https://fbref.com/en/search/search.fcgi?search=Raspadori%20Atalanta%20fbref","6e058f06","Giacomo Raspadori","https://fbref.com/en/players/6e058f06/Giacomo-Raspadori","confirmed","0.98","FBref","2026-06-05","V376","Nome listone cognome: associato a Giacomo Raspadori; profilo FBref storico coerente. Batch-04 verificato manualmente su FBref."
"192","batch-04","fc-2832","Boga","A","W/A","JUV","Juventus","2832","11","37","Afc Severgas Baronissi","Boga Juventus fbref","https://fbref.com/en/search/search.fcgi?search=Boga%20Juventus%20fbref","fe012aca","Jeremie Boga","https://fbref.com/en/players/fe012aca/Jeremie-Boga","confirmed","0.98","FBref","2026-06-05","V376","Nome listone cognome: associato a Jeremie Boga; club/competizioni FBref coerenti. Batch-04 verificato manualmente su FBref."
"64","batch-02","fc-2170","Milinkovic-Savic V.","P","Por","NAP","Napoli","2170","17","37","Beetlejuice","Milinkovic-Savic V Napoli fbref","https://fbref.com/en/search/search.fcgi?search=Milinkovic-Savic%20V%20Napoli%20fbref","9fa26bc2","Vanja Milinković-Savić","https://fbref.com/en/players/9fa26bc2/Vanja-Milinkovic-Savic","confirmed","0.98","FBref","2026-06-05","V374","Nome listone Milinkovic-Savic V.: associato a Vanja Milinković-Savić, Napoli. Batch-02 verificato manualmente su FBref."
"54","batch-02","fc-4892","Saelemaekers","C","E/W","MIL","Milan","4892","15","36","As Paperopoli","Saelemaekers Milan fbref","https://fbref.com/en/search/search.fcgi?search=Saelemaekers%20Milan%20fbref","ee251371","Alexis Saelemaekers","https://fbref.com/en/players/ee251371/Alexis-Saelemaekers","confirmed","0.98","FBref","2026-06-05","V374","Nome listone cognome: associato a Alexis Saelemaekers, Milan. Batch-02 verificato manualmente su FBref."
"80","batch-02","fc-6398","Isaksen","C","W/A","LAZ","Lazio","6398","16","35","FC DueFratelli2005","Isaksen Lazio fbref","https://fbref.com/en/search/search.fcgi?search=Isaksen%20Lazio%20fbref","5715bb71","Gustav Isaksen","https://fbref.com/en/players/5715bb71/Gustav-Isaksen","confirmed","0.98","FBref","2026-06-05","V374","Nome listone cognome: associato a Gustav Isaksen, Lazio. Batch-02 verificato manualmente su FBref."
"85","batch-02","fc-5800","Gudmundsson A.","C","T/A","FIO","Fiorentina","5800","13","35","Ac Milan","Gudmundsson A Fiorentina fbref","https://fbref.com/en/search/search.fcgi?search=Gudmundsson%20A%20Fiorentina%20fbref","b79858d5","Albert Guðmundsson","https://fbref.com/en/players/b79858d5/Albert-Gudmundsson","confirmed","0.98","FBref","2026-06-05","V374","Nome listone Gudmundsson A.: associato ad Albert Guðmundsson, Fiorentina. Batch-02 verificato manualmente su FBref."
"95","batch-02","fc-4465","Fagioli","C","C","FIO","Fiorentina","4465","11","35","FC DueFratelli2005","Fagioli Fiorentina fbref","https://fbref.com/en/search/search.fcgi?search=Fagioli%20Fiorentina%20fbref","366be751","Nicolò Fagioli","https://fbref.com/en/players/366be751/Nicolo-Fagioli","confirmed","0.98","FBref","2026-06-05","V374","Nome listone cognome: associato a Nicolò Fagioli, Fiorentina. Batch-02 verificato manualmente su FBref."
"53","batch-02","fc-2134","Falcone","P","Por","LEC","Lecce","2134","15","35","River Plaid","Falcone Lecce fbref","https://fbref.com/en/search/search.fcgi?search=Falcone%20Lecce%20fbref","9f5a610b","Wladimiro Falcone","https://fbref.com/en/players/9f5a610b/Wladimiro-Falcone","confirmed","0.98","FBref","2026-06-05","V374","Nome listone cognome: associato a Wladimiro Falcone, Lecce. Batch-02 verificato manualmente su FBref."
"63","batch-02","fc-4427","Malinovskyi","C","C/T","GEN","Genoa","4427","15","34","Real Pisistrius","Malinovskyi Genoa fbref","https://fbref.com/en/search/search.fcgi?search=Malinovskyi%20Genoa%20fbref","48d5bd33","Ruslan Malinovskyi","https://fbref.com/en/players/48d5bd33/Ruslan-Malinovskyi","confirmed","0.98","FBref","2026-06-05","V374","Nome listone cognome: associato a Ruslan Malinovskyi, Genoa. Batch-02 verificato manualmente su FBref."
"311","batch-07","fc-7347","Bowie","A","A","VER","Verona","7347","10","33","","Bowie Verona fbref","https://fbref.com/en/search/search.fcgi?search=Bowie%20Verona%20fbref","","","","needs-review","","","","",""
"120","batch-03","fc-184","Bernardeschi","C","W/A","BOL","Bologna","184","13","33","Prestige Worldwide","Bernardeschi Bologna fbref","https://fbref.com/en/search/search.fcgi?search=Bernardeschi%20Bologna%20fbref","ee93c1a9","Federico Bernardeschi","https://fbref.com/en/players/ee93c1a9/Federico-Bernardeschi","confirmed","0.98","FBref","2026-06-05","V375","Nome listone cognome: associato a Federico Bernardeschi, Bologna. Batch-03 verificato manualmente su FBref."
"73","batch-02","fc-1852","Spinazzola","D","Ds/E","NAP","Napoli","1852","16","33","Prestige Worldwide","Spinazzola Napoli fbref","https://fbref.com/en/search/search.fcgi?search=Spinazzola%20Napoli%20fbref","3626daea","Leonardo Spinazzola","https://fbref.com/en/players/3626daea/Leonardo-Spinazzola","confirmed","0.98","FBref","2026-06-05","V374","Nome listone cognome: associato a Leonardo Spinazzola, Napoli. Batch-02 verificato manualmente su FBref."
"74","batch-02","fc-2499","Vardy","A","Pc","CRE","Cremonese","2499","16","32","Ac Milan","Vardy Cremonese fbref","https://fbref.com/en/search/search.fcgi?search=Vardy%20Cremonese%20fbref","45963054","Jamie Vardy","https://fbref.com/en/players/45963054/Jamie-Vardy","confirmed","0.98","FBref","2026-06-05","V374","Nome listone cognome: associato a Jamie Vardy, Cremonese. Batch-02 verificato manualmente su FBref."
"83","batch-02","fc-536","Politano","C","W","NAP","Napoli","536","13","31","River Plaid","Politano Napoli fbref","https://fbref.com/en/search/search.fcgi?search=Politano%20Napoli%20fbref","5e861944","Matteo Politano","https://fbref.com/en/players/5e861944/Matteo-Politano","confirmed","0.98","FBref","2026-06-05","V374","Nome listone cognome: associato a Matteo Politano, Napoli. Batch-02 verificato manualmente su FBref."
"187","batch-04","fc-6967","Diao","A","W/A","COM","Como","6967","12","30","Olympic Salerno  FC","Diao Como fbref","https://fbref.com/en/search/search.fcgi?search=Diao%20Como%20fbref","8ae7d0ec","Assane Diao","https://fbref.com/en/players/8ae7d0ec/Assane-Diao","confirmed","0.98","FBref","2026-06-05","V376","Nome listone cognome: associato ad Assane Diao, Como; omonimi esclusi. Batch-04 verificato manualmente su FBref."
"50","batch-01","fc-6572","Castro S.","A","Pc","BOL","Bologna","6572","17","30","As Paperopoli","Castro S Bologna fbref","https://fbref.com/en/search/search.fcgi?search=Castro%20S%20Bologna%20fbref","ee5565ae","Santiago Castro","https://fbref.com/en/players/ee5565ae/Santiago-Castro","confirmed","0.98","FBref","2026-06-05","V373","Batch-01 verificato manualmente su FBref; nome e club coerenti."
"94","batch-02","fc-5792","Ederson D.S.","C","M/C","ATA","Atalanta","5792","13","30","Prestige Worldwide","Ederson D.S Atalanta fbref","https://fbref.com/en/search/search.fcgi?search=Ederson%20D.S%20Atalanta%20fbref","a9202def","Éderson","https://fbref.com/en/players/a9202def/Ederson","confirmed","0.98","FBref","2026-06-05","V374","Nome listone Ederson D.S.: associato a Éderson dos Santos, Atalanta. Batch-02 verificato manualmente su FBref."
"93","batch-02","fc-5885","Dodò","D","E","FIO","Fiorentina","5885","10","30","Ac Milan","Dodò Fiorentina fbref","https://fbref.com/en/search/search.fcgi?search=Dod%C3%B2%20Fiorentina%20fbref","b5f7d10b","Dodô","https://fbref.com/en/players/b5f7d10b/Dodo","confirmed","0.98","FBref","2026-06-05","V374","Nome listone Dodo: associato a Dodô/Domilson Cordeiro dos Santos, Fiorentina. Batch-02 verificato manualmente su FBref."
"79","batch-02","fc-5876","Di Gregorio","P","Por","JUV","Juventus","5876","15","30","Beetlejuice","Di Gregorio Juventus fbref","https://fbref.com/en/search/search.fcgi?search=Di%20Gregorio%20Juventus%20fbref","4e0c8d66","Michele Di Gregorio","https://fbref.com/en/players/4e0c8d66/Michele-Di-Gregorio","confirmed","0.98","FBref","2026-06-05","V374","Nome listone Di Gregorio: associato a Michele Di Gregorio, Juventus. Batch-02 verificato manualmente su FBref."
"92","batch-02","fc-5544","David","A","Pc","JUV","Juventus","5544","13","28","real mappine","David Juventus fbref","https://fbref.com/en/search/search.fcgi?search=David%20Juventus%20fbref","ce50fd99","Jonathan David","https://fbref.com/en/players/ce50fd99/Jonathan-David","confirmed","0.98","FBref","2026-06-05","V374","Nome listone David: associato a Jonathan David, Juventus. Batch-02 verificato manualmente su FBref."
"142","batch-03","fc-2816","Di Lorenzo","D","Dd/E","NAP","Napoli","2816","10","28","Afc Severgas Baronissi","Di Lorenzo Napoli fbref","https://fbref.com/en/search/search.fcgi?search=Di%20Lorenzo%20Napoli%20fbref","230a2fac","Giovanni Di Lorenzo","https://fbref.com/en/players/230a2fac/Giovanni-Di-Lorenzo","confirmed","0.98","FBref","2026-06-05","V375","Nome listone cognome: associato a Giovanni Di Lorenzo, Napoli. Batch-03 verificato manualmente su FBref."
"71","batch-02","fc-2521","De Gea","P","Por","FIO","Fiorentina","2521","12","28","River Plaid","De Gea Fiorentina fbref","https://fbref.com/en/search/search.fcgi?search=De%20Gea%20Fiorentina%20fbref","7ba6d84e","David de Gea","https://fbref.com/en/players/7ba6d84e/David-de-Gea","confirmed","0.98","FBref","2026-06-05","V374","Nome listone De Gea: associato a David de Gea, Fiorentina. Batch-02 verificato manualmente su FBref."
"97","batch-02","fc-7129","Rodriguez Je.","A","W/A","COM","Como","7129","15","27","Afc Severgas Baronissi","Rodriguez Je Como fbref","https://fbref.com/en/search/search.fcgi?search=Rodriguez%20Je%20Como%20fbref","f9f74e43","Jesus Rodríguez","https://fbref.com/en/players/f9f74e43/Jesus-Rodriguez","confirmed","0.98","FBref","2026-06-05","V374","Nome listone Rodriguez Je.: associato a Jesus Rodríguez, Como; omonimi controllati. Batch-02 verificato manualmente su FBref."
"96","batch-02","fc-6766","Kelly L.","D","Ds/Dc","JUV","Juventus","6766","11","27","real mappine","Kelly L Juventus fbref","https://fbref.com/en/search/search.fcgi?search=Kelly%20L%20Juventus%20fbref","f31def1e","Lloyd Kelly","https://fbref.com/en/players/f31def1e/Lloyd-Kelly","confirmed","0.98","FBref","2026-06-05","V374","Nome listone Kelly L.: associato a Lloyd Kelly, Juventus. Batch-02 verificato manualmente su FBref."
"70","batch-02","fc-779","Cristante","C","M/C","ROM","Roma","779","13","26","Afc Severgas Baronissi","Cristante Roma fbref","https://fbref.com/en/search/search.fcgi?search=Cristante%20Roma%20fbref","16657b95","Bryan Cristante","https://fbref.com/en/players/16657b95/Bryan-Cristante","confirmed","0.98","FBref","2026-06-05","V374","Nome listone cognome: associato a Bryan Cristante, Roma. Batch-02 verificato manualmente su FBref."
"98","batch-02","fc-5514","Vasquez","D","Ds/Dc","GEN","Genoa","5514","11","26","River Plaid","Vasquez Genoa fbref","https://fbref.com/en/search/search.fcgi?search=Vasquez%20Genoa%20fbref","5eaed77a","Johan Vásquez","https://fbref.com/en/players/5eaed77a/Johan-Vasquez","confirmed","0.98","FBref","2026-06-05","V374","Nome listone Vasquez: associato a Johan Vásquez, Genoa. Batch-02 verificato manualmente su FBref."
"59","batch-02","fc-5455","Moreo","A","A","PIS","Pisa","5455","16","25","Ac Milan","Moreo Pisa fbref","https://fbref.com/en/search/search.fcgi?search=Moreo%20Pisa%20fbref","7c52943c","Stefano Moreo","https://fbref.com/en/players/7c52943c/Stefano-Moreo","confirmed","0.98","FBref","2026-06-05","V374","Nome listone cognome: associato a Stefano Moreo, Pisa. Batch-02 verificato manualmente su FBref."
"157","batch-04","fc-5674","Basic","C","C","LAZ","Lazio","5674","11","25","Beetlejuice","Basic Lazio fbref","https://fbref.com/en/search/search.fcgi?search=Basic%20Lazio%20fbref","80556f08","Toma Bašić","https://fbref.com/en/players/80556f08/Toma-Basic","confirmed","0.98","FBref","2026-06-05","V376","Nome listone Basic: associato a Toma Bašić, Lazio; accento normalizzato nello slug. Batch-04 verificato manualmente su FBref."
"133","batch-03","fc-632","Zaccagni","C","W/A","LAZ","Lazio","632","13","25","Ac Milan","Zaccagni Lazio fbref","https://fbref.com/en/search/search.fcgi?search=Zaccagni%20Lazio%20fbref","d85c238b","Mattia Zaccagni","https://fbref.com/en/players/d85c238b/Mattia-Zaccagni","confirmed","0.98","FBref","2026-06-05","V375","Nome listone cognome: associato a Mattia Zaccagni, Lazio. Batch-03 verificato manualmente su FBref."
"108","batch-03","fc-6989","Tiago Gabriel","D","Dc","LEC","Lecce","6989","10","25","Beetlejuice","Tiago Gabriel Lecce fbref","https://fbref.com/en/search/search.fcgi?search=Tiago%20Gabriel%20Lecce%20fbref","19452285","Tiago Gabriel","https://fbref.com/en/players/19452285/Tiago-Gabriel","confirmed","0.98","FBref","2026-06-05","V375","Nome listone completo: associato a Tiago Gabriel, Lecce. Batch-03 verificato manualmente su FBref."
"113","batch-03","fc-4807","Hermoso","D","Dc","ROM","Roma","4807","13","25","real mappine","Hermoso Roma fbref","https://fbref.com/en/search/search.fcgi?search=Hermoso%20Roma%20fbref","555f3a0b","Mario Hermoso","https://fbref.com/en/players/555f3a0b/Mario-Hermoso","confirmed","0.98","FBref","2026-06-05","V375","Nome listone cognome: associato a Mario Hermoso, Roma. Batch-03 verificato manualmente su FBref."
"129","batch-03","fc-4734","Miranda J.","D","Ds/E","BOL","Bologna","4734","10","25","As Paperopoli","Miranda J Bologna fbref","https://fbref.com/en/search/search.fcgi?search=Miranda%20J%20Bologna%20fbref","ead61f73","Juan Miranda","https://fbref.com/en/players/ead61f73/Juan-Miranda","confirmed","0.98","FBref","2026-06-05","V375","Nome listone Miranda J.: associato a Juan Miranda, Bologna. Batch-03 verificato manualmente su FBref."
"130","batch-03","fc-6556","Noslin","A","A","LAZ","Lazio","6556","14","24","As Paperopoli","Noslin Lazio fbref","https://fbref.com/en/search/search.fcgi?search=Noslin%20Lazio%20fbref","2f067cf2","Tijjani Noslin","https://fbref.com/en/players/2f067cf2/Tijjani-Noslin","confirmed","0.98","FBref","2026-06-05","V375","Nome listone cognome: associato a Tijjani Noslin, Lazio. Batch-03 verificato manualmente su FBref."
"137","batch-03","fc-530","Pellegrini Lo.","C","C/T","ROM","Roma","530","13","24","FC DueFratelli2005","Pellegrini Lo Roma fbref","https://fbref.com/en/search/search.fcgi?search=Pellegrini%20Lo%20Roma%20fbref","4a5a45c7","Lorenzo Pellegrini","https://fbref.com/en/players/4a5a45c7/Lorenzo-Pellegrini","confirmed","0.98","FBref","2026-06-05","V375","Nome listone Pellegrini Lo.: associato a Lorenzo Pellegrini, Roma. Batch-03 verificato manualmente su FBref."
"69","batch-02","fc-6646","Adams C.","A","A","TOR","Torino","6646","16","23","Real Pisistrius","Adams C Torino fbref","https://fbref.com/en/search/search.fcgi?search=Adams%20C%20Torino%20fbref","f2bf1b0f","Che Adams","https://fbref.com/en/players/f2bf1b0f/Che-Adams","confirmed","0.98","FBref","2026-06-05","V374","Nome listone Adams C.: associato a Che Adams, Torino. Batch-02 verificato manualmente su FBref."
"263","batch-06","fc-6439","Cheddira","A","Pc","LEC","Lecce","6439","11","23","","Cheddira Lecce fbref","https://fbref.com/en/search/search.fcgi?search=Cheddira%20Lecce%20fbref","","","","needs-review","","","","",""
"77","batch-02","fc-6666","Bernabè","C","C","PAR","Parma","6666","15","23","Olympic Salerno  FC","Bernabè Parma fbref","https://fbref.com/en/search/search.fcgi?search=Bernab%C3%A8%20Parma%20fbref","548672b4","Adrian Bernabe","https://fbref.com/en/players/548672b4/Adrian-Bernabe","confirmed","0.98","FBref","2026-06-05","V374","Nome listone Bernabè: associato ad Adrian Bernabe, Parma. Batch-02 verificato manualmente su FBref."
"204","batch-05","fc-5651","Harrison","C","W","FIO","Fiorentina","5651","11","23","Ac Milan","Harrison Fiorentina fbref","https://fbref.com/en/search/search.fcgi?search=Harrison%20Fiorentina%20fbref","","","","needs-review","","","","",""
"131","batch-03","fc-6869","Ramon","D","Dc","COM","Como","6869","10","23","River Plaid","Ramon Como fbref","https://fbref.com/en/search/search.fcgi?search=Ramon%20Como%20fbref","4772b1d1","Jacobo Ramón","https://fbref.com/en/players/4772b1d1/Jacobo-Ramon","confirmed","0.98","FBref","2026-06-05","V375","Nome listone Ramon: associato a Jacobo Ramón, Como; omonimi controllati. Batch-03 verificato manualmente su FBref."
"76","batch-02","fc-6001","Banda","A","W/A","LEC","Lecce","6001","15","22","Beetlejuice","Banda Lecce fbref","https://fbref.com/en/search/search.fcgi?search=Banda%20Lecce%20fbref","8a6de8c7","Lameck Banda","https://fbref.com/en/players/8a6de8c7/Lameck-Banda","confirmed","0.98","FBref","2026-06-05","V374","Nome listone cognome: associato a Lameck Banda, Lecce. Batch-02 verificato manualmente su FBref."
"148","batch-03","fc-6294","Ndour","C","M/C","FIO","Fiorentina","6294","9","22","Prestige Worldwide","Ndour Fiorentina fbref","https://fbref.com/en/search/search.fcgi?search=Ndour%20Fiorentina%20fbref","3b88609d","Cher Ndour","https://fbref.com/en/players/3b88609d/Cher-Ndour","confirmed","0.98","FBref","2026-06-05","V375","Nome listone Ndour: associato a Cher Ndour, Fiorentina. Batch-03 verificato manualmente su FBref."
"124","batch-03","fc-22","De Roon","C","M/C","ATA","Atalanta","22","9","22","Real Pisistrius","De Roon Atalanta fbref","https://fbref.com/en/search/search.fcgi?search=De%20Roon%20Atalanta%20fbref","2a1beb34","Marten de Roon","https://fbref.com/en/players/2a1beb34/Marten-de-Roon","confirmed","0.98","FBref","2026-06-05","V375","Nome listone De Roon: associato a Marten de Roon, Atalanta. Batch-03 verificato manualmente su FBref."
"102","batch-03","fc-6664","Delprato","D","B/Dd/E","PAR","Parma","6664","10","22","FC DueFratelli2005","Delprato Parma fbref","https://fbref.com/en/search/search.fcgi?search=Delprato%20Parma%20fbref","4c6f9258","Enrico Del Prato","https://fbref.com/en/players/4c6f9258/Enrico-Del-Prato","confirmed","0.98","FBref","2026-06-05","V375","Nome listone Delprato: associato a Enrico Del Prato, Parma. Batch-03 verificato manualmente su FBref."
"109","batch-03","fc-5862","Valeri","D","Ds/E","PAR","Parma","5862","11","22","Real Pisistrius","Valeri Parma fbref","https://fbref.com/en/search/search.fcgi?search=Valeri%20Parma%20fbref","ec52b661","Emanuele Valeri","https://fbref.com/en/players/ec52b661/Emanuele-Valeri","confirmed","0.98","FBref","2026-06-05","V375","Nome listone cognome: associato a Emanuele Valeri, Parma. Batch-03 verificato manualmente su FBref."
"117","batch-03","fc-5526","Scalvini","D","Dc","ATA","Atalanta","5526","15","22","Olympic Salerno  FC","Scalvini Atalanta fbref","https://fbref.com/en/search/search.fcgi?search=Scalvini%20Atalanta%20fbref","1e9aa637","Giorgio Scalvini","https://fbref.com/en/players/1e9aa637/Giorgio-Scalvini","confirmed","0.98","FBref","2026-06-05","V375","Nome listone cognome: associato a Giorgio Scalvini, Atalanta. Batch-03 verificato manualmente su FBref."
"139","batch-03","fc-7070","Sucic P.","C","C","INT","Inter","7070","11","21","FC DueFratelli2005","Sucic P Inter fbref","https://fbref.com/en/search/search.fcgi?search=Sucic%20P%20Inter%20fbref","23fb46ea","Petar Sučić","https://fbref.com/en/players/23fb46ea/Petar-Sucic","confirmed","0.98","FBref","2026-06-05","V375","Nome listone Sucic P.: associato a Petar Sučić, Inter. Batch-03 verificato manualmente su FBref."
"84","batch-02","fc-5504","Coulibaly L.","C","M/C","LEC","Lecce","5504","13","21","Real Pisistrius","Coulibaly L Lecce fbref","https://fbref.com/en/search/search.fcgi?search=Coulibaly%20L%20Lecce%20fbref","85a44ecc","Lassana Coulibaly","https://fbref.com/en/players/85a44ecc/Lassana-Coulibaly","confirmed","0.98","FBref","2026-06-05","V374","Nome listone Coulibaly L.: associato a Lassana Coulibaly, Lecce. Batch-02 verificato manualmente su FBref."
"153","batch-04","fc-4751","Tomori","D","Dc","MIL","Milan","4751","8","21","Prestige Worldwide","Tomori Milan fbref","https://fbref.com/en/search/search.fcgi?search=Tomori%20Milan%20fbref","7edfbb8a","Fikayo Tomori","https://fbref.com/en/players/7edfbb8a/Fikayo-Tomori","confirmed","0.98","FBref","2026-06-05","V376","Nome listone cognome: associato a Fikayo Tomori, Milan. Batch-04 verificato manualmente su FBref."
"99","batch-02","fc-6164","Vitinha O.","A","Pc","GEN","Genoa","6164","13","20","real mappine","Vitinha O Genoa fbref","https://fbref.com/en/search/search.fcgi?search=Vitinha%20O%20Genoa%20fbref","74d4cec6","Vitinha","https://fbref.com/en/players/74d4cec6/Vitinha","confirmed","0.98","FBref","2026-06-05","V374","Nome listone Vitinha O.: associato a Vitinha/Vítor Oliveira, Genoa. Batch-02 verificato manualmente su FBref."
"107","batch-03","fc-2489","Pedro","A","A","LAZ","Lazio","2489","16","20","Beetlejuice","Pedro Lazio fbref","https://fbref.com/en/search/search.fcgi?search=Pedro%20Lazio%20fbref","3ca7254a","Pedro","https://fbref.com/en/players/3ca7254a/Pedro","confirmed","0.98","FBref","2026-06-05","V375","Nome listone Pedro: associato a Pedro Rodríguez, Lazio; distinto da Pedro Neto. Batch-03 verificato manualmente su FBref."
"90","batch-02","fc-5888","Casadei","C","C/T","TOR","Torino","5888","13","20","Prestige Worldwide","Casadei Torino fbref","https://fbref.com/en/search/search.fcgi?search=Casadei%20Torino%20fbref","fb920f3a","Cesare Casadei","https://fbref.com/en/players/fb920f3a/Cesare-Casadei","confirmed","0.98","FBref","2026-06-05","V374","Nome listone cognome: associato a Cesare Casadei, Torino. Batch-02 verificato manualmente su FBref."
"206","batch-05","fc-4896","Maldini","C","T/A","LAZ","Lazio","4896","10","20","As Paperopoli","Maldini Lazio fbref","https://fbref.com/en/search/search.fcgi?search=Maldini%20Lazio%20fbref","","","","needs-review","","","","",""
"128","batch-03","fc-4287","Lobotka","C","M/C","NAP","Napoli","4287","10","20","River Plaid","Lobotka Napoli fbref","https://fbref.com/en/search/search.fcgi?search=Lobotka%20Napoli%20fbref","e1cbb531","Stanislav Lobotka","https://fbref.com/en/players/e1cbb531/Stanislav-Lobotka","confirmed","0.98","FBref","2026-06-05","V375","Nome listone cognome: associato a Stanislav Lobotka, Napoli. Batch-03 verificato manualmente su FBref."
"154","batch-04","fc-4220","Zambo Anguissa","C","M/C","NAP","Napoli","4220","15","20","Beetlejuice","Zambo Anguissa Napoli fbref","https://fbref.com/en/search/search.fcgi?search=Zambo%20Anguissa%20Napoli%20fbref","6bb2c084","Andre-Frank Zambo Anguissa","https://fbref.com/en/players/6bb2c084/Andre-Frank-Zambo-Anguissa","confirmed","0.98","FBref","2026-06-05","V376","Nome listone Zambo Anguissa: associato ad Andre-Frank Zambo Anguissa, Napoli. Batch-04 verificato manualmente su FBref."
"78","batch-02","fc-4360","Caprile","P","Por","CAG","Cagliari","4360","12","20","Prestige Worldwide","Caprile Cagliari fbref","https://fbref.com/en/search/search.fcgi?search=Caprile%20Cagliari%20fbref","97d7afbd","Elia Caprile","https://fbref.com/en/players/97d7afbd/Elia-Caprile","confirmed","0.98","FBref","2026-06-05","V374","Nome listone cognome: associato a Elia Caprile, Cagliari. Batch-02 verificato manualmente su FBref."
"256","batch-06","fc-572","Meret","P","Por","NAP","Napoli","572","8","20","Olympic Salerno  FC","Meret Napoli fbref","https://fbref.com/en/search/search.fcgi?search=Meret%20Napoli%20fbref","","","","needs-review","","","","",""
"100","batch-02","fc-5422","Zalewski","C","E/W","ATA","Atalanta","5422","14","19","Real Pisistrius","Zalewski Atalanta fbref","https://fbref.com/en/search/search.fcgi?search=Zalewski%20Atalanta%20fbref","45191c29","Nicola Zalewski","https://fbref.com/en/players/45191c29/Nicola-Zalewski","confirmed","0.98","FBref","2026-06-05","V374","Nome listone cognome: associato a Nicola Zalewski, Atalanta. Batch-02 verificato manualmente su FBref."
"163","batch-04","fc-2160","Gosens","D","E","FIO","Fiorentina","2160","11","19","Beetlejuice","Gosens Fiorentina fbref","https://fbref.com/en/search/search.fcgi?search=Gosens%20Fiorentina%20fbref","2d970560","Robin Gosens","https://fbref.com/en/players/2d970560/Robin-Gosens","confirmed","0.98","FBref","2026-06-05","V376","Nome listone cognome: associato a Robin Gosens, Fiorentina. Batch-04 verificato manualmente su FBref."
"390","batch-08","fc-7342","Elphege","A","Pc","PAR","Parma","7342","6","18","","Elphege Parma fbref","https://fbref.com/en/search/search.fcgi?search=Elphege%20Parma%20fbref","","","","needs-review","","","","",""
"260","batch-06","fc-6380","Solomon","A","W/A","FIO","Fiorentina","6380","8","18","Afc Severgas Baronissi","Solomon Fiorentina fbref","https://fbref.com/en/search/search.fcgi?search=Solomon%20Fiorentina%20fbref","","","","needs-review","","","","",""
"104","batch-03","fc-6898","Keita M.","C","M/C","PAR","Parma","6898","11","18","As Paperopoli","Keita M Parma fbref","https://fbref.com/en/search/search.fcgi?search=Keita%20M%20Parma%20fbref","f5692b25","Mandela Keita","https://fbref.com/en/players/f5692b25/Mandela-Keita","confirmed","0.98","FBref","2026-06-05","V375","Nome listone Keita M.: associato a Mandela Keita, Parma. Batch-03 verificato manualmente su FBref."
"122","batch-03","fc-5036","Caqueret","C","C/T","COM","Como","5036","13","18","River Plaid","Caqueret Como fbref","https://fbref.com/en/search/search.fcgi?search=Caqueret%20Como%20fbref","f81ef10d","Maxence Caqueret","https://fbref.com/en/players/f81ef10d/Maxence-Caqueret","confirmed","0.98","FBref","2026-06-05","V375","Nome listone cognome: associato a Maxence Caqueret, Como. Batch-03 verificato manualmente su FBref."
"126","batch-03","fc-4686","Fofana Y.","C","M/C","MIL","Milan","4686","10","18","Real Pisistrius","Fofana Y Milan fbref","https://fbref.com/en/search/search.fcgi?search=Fofana%20Y%20Milan%20fbref","822d51d7","Youssouf Fofana","https://fbref.com/en/players/822d51d7/Youssouf-Fofana","confirmed","0.98","FBref","2026-06-05","V375","Nome listone Fofana Y.: associato a Youssouf Fofana, Milan; omonimo escluso. Batch-03 verificato manualmente su FBref."
"165","batch-04","fc-7155","Muharemovic","D","Dc","SAS","Sassuolo","7155","8","18","real mappine","Muharemovic Sassuolo fbref","https://fbref.com/en/search/search.fcgi?search=Muharemovic%20Sassuolo%20fbref","426dda23","Tarik Muharemovic","https://fbref.com/en/players/426dda23/Tarik-Muharemovic","confirmed","0.98","FBref","2026-06-05","V376","Nome listone cognome: associato a Tarik Muharemovic, Sassuolo. Batch-04 verificato manualmente su FBref."
"86","batch-02","fc-6893","Kempf","D","Dc","COM","Como","6893","16","18","Beetlejuice","Kempf Como fbref","https://fbref.com/en/search/search.fcgi?search=Kempf%20Como%20fbref","815c314f","Marc-Oliver Kempf","https://fbref.com/en/players/815c314f/Marc-Oliver-Kempf","confirmed","0.98","FBref","2026-06-05","V374","Nome listone Kempf: associato a Marc-Oliver Kempf, Como. Batch-02 verificato manualmente su FBref."
"242","batch-05","fc-5620","Tavares N.","D","Ds/E","LAZ","Lazio","5620","6","18","Ac Milan","Tavares N Lazio fbref","https://fbref.com/en/search/search.fcgi?search=Tavares%20N%20Lazio%20fbref","","","","needs-review","","","","",""
"101","batch-03","fc-554","Zappacosta","D","E","ATA","Atalanta","554","12","18","River Plaid","Zappacosta Atalanta fbref","https://fbref.com/en/search/search.fcgi?search=Zappacosta%20Atalanta%20fbref","7fe90ccd","Davide Zappacosta","https://fbref.com/en/players/7fe90ccd/Davide-Zappacosta","confirmed","0.98","FBref","2026-06-05","V375","Nome listone cognome: associato a Davide Zappacosta, Atalanta. Batch-03 verificato manualmente su FBref."
"149","batch-03","fc-6190","Pisilli","C","C","ROM","Roma","6190","14","17","As Paperopoli","Pisilli Roma fbref","https://fbref.com/en/search/search.fcgi?search=Pisilli%20Roma%20fbref","c84dcc88","Niccolò Pisilli","https://fbref.com/en/players/c84dcc88/Niccolo-Pisilli","confirmed","0.98","FBref","2026-06-05","V375","Nome listone cognome: associato a Niccolò Pisilli, Roma. Batch-03 verificato manualmente su FBref."
"173","batch-04","fc-5735","Volpato","C","W/T","SAS","Sassuolo","5735","13","17","FC DueFratelli2005","Volpato Sassuolo fbref","https://fbref.com/en/search/search.fcgi?search=Volpato%20Sassuolo%20fbref","72f87f25","Cristian Volpato","https://fbref.com/en/players/72f87f25/Cristian-Volpato","confirmed","0.98","FBref","2026-06-05","V376","Nome listone cognome: associato a Cristian Volpato, Sassuolo. Batch-04 verificato manualmente su FBref."
"141","batch-03","fc-333","Cataldi","C","M/C","LAZ","Lazio","333","11","17","River Plaid","Cataldi Lazio fbref","https://fbref.com/en/search/search.fcgi?search=Cataldi%20Lazio%20fbref","ba3d3bea","Danilo Cataldi","https://fbref.com/en/players/ba3d3bea/Danilo-Cataldi","confirmed","0.98","FBref","2026-06-05","V375","Nome listone cognome: associato a Danilo Cataldi, Lazio. Batch-03 verificato manualmente su FBref."
"183","batch-04","fc-6986","Rensch","D","B/Dd/E","ROM","Roma","6986","13","17","Afc Severgas Baronissi","Rensch Roma fbref","https://fbref.com/en/search/search.fcgi?search=Rensch%20Roma%20fbref","c5cbbcff","Devyne Rensch","https://fbref.com/en/players/c5cbbcff/Devyne-Rensch","confirmed","0.98","FBref","2026-06-05","V376","Nome listone cognome: associato a Devyne Rensch, Roma. Batch-04 verificato manualmente su FBref."
"186","batch-04","fc-6867","Valle","D","Ds/E","COM","Como","6867","10","17","Afc Severgas Baronissi","Valle Como fbref","https://fbref.com/en/search/search.fcgi?search=Valle%20Como%20fbref","97022551","Álex Valle","https://fbref.com/en/players/97022551/Alex-Valle","confirmed","0.98","FBref","2026-06-05","V376","Nome listone Valle: associato ad Álex Valle, Como; accento normalizzato nello slug. Batch-04 verificato manualmente su FBref."
"366","batch-08","fc-6550","Garcia U.","D","B/Ds/E","SAS","Sassuolo","6550","8","17","","Garcia U Sassuolo fbref","https://fbref.com/en/search/search.fcgi?search=Garcia%20U%20Sassuolo%20fbref","","","","needs-review","","","","",""
"121","batch-03","fc-5520","Cambiaso","D","E","JUV","Juventus","5520","9","17","Prestige Worldwide","Cambiaso Juventus fbref","https://fbref.com/en/search/search.fcgi?search=Cambiaso%20Juventus%20fbref","247ed022","Andrea Cambiaso","https://fbref.com/en/players/247ed022/Andrea-Cambiaso","confirmed","0.98","FBref","2026-06-05","V375","Nome listone cognome: associato ad Andrea Cambiaso, Juventus. Batch-03 verificato manualmente su FBref."
"325","batch-07","fc-7329","Obrador","D","Ds/E","TOR","Torino","7329","10","16","","Obrador Torino fbref","https://fbref.com/en/search/search.fcgi?search=Obrador%20Torino%20fbref","","","","needs-review","","","","",""
"265","batch-06","fc-5833","Gila","D","Dc","LAZ","Lazio","5833","8","16","","Gila Lazio fbref","https://fbref.com/en/search/search.fcgi?search=Gila%20Lazio%20fbref","","","","needs-review","","","","",""
"168","batch-04","fc-460","Romagnoli","D","Dc","LAZ","Lazio","460","8","16","Ac Milan","Romagnoli Lazio fbref","https://fbref.com/en/search/search.fcgi?search=Romagnoli%20Lazio%20fbref","3ead85f9","Alessio Romagnoli","https://fbref.com/en/players/3ead85f9/Alessio-Romagnoli","confirmed","0.98","FBref","2026-06-05","V376","Nome listone cognome: associato ad Alessio Romagnoli, Lazio. Batch-04 verificato manualmente su FBref."
"407","batch-09","fc-7374","Mendy P.","A","Pc","CAG","Cagliari","7374","5","15","","Mendy P Cagliari fbref","https://fbref.com/en/search/search.fcgi?search=Mendy%20P%20Cagliari%20fbref","","","","needs-review","","","","",""
"60","batch-02","fc-6669","Bonny","A","Pc","INT","Inter","6669","20","15","River Plaid","Bonny Inter fbref","https://fbref.com/en/search/search.fcgi?search=Bonny%20Inter%20fbref","64629ba4","Ange-Yoan Bonny","https://fbref.com/en/players/64629ba4/Ange-Yoan-Bonny","confirmed","0.98","FBref","2026-06-05","V374","Nome listone cognome: associato a Ange-Yoan Bonny, Inter. Batch-02 verificato manualmente su FBref."
"115","batch-03","fc-6552","Orban G.","A","Pc","VER","Verona","6552","14","15","As Paperopoli","Orban G Verona fbref","https://fbref.com/en/search/search.fcgi?search=Orban%20G%20Verona%20fbref","de17db90","Gift Orban","https://fbref.com/en/players/de17db90/Gift-Orban","confirmed","0.98","FBref","2026-06-05","V375","Nome listone Orban G.: associato a Gift Orban, Verona. Batch-03 verificato manualmente su FBref."
"158","batch-04","fc-6243","Borrelli","A","Pc","CAG","Cagliari","6243","11","15","Ac Milan","Borrelli Cagliari fbref","https://fbref.com/en/search/search.fcgi?search=Borrelli%20Cagliari%20fbref","04c4edc1","Gennaro Borrelli","https://fbref.com/en/players/04c4edc1/Gennaro-Borrelli","confirmed","0.98","FBref","2026-06-05","V376","Nome listone cognome: associato a Gennaro Borrelli, Cagliari. Batch-04 verificato manualmente su FBref."
"166","batch-04","fc-5336","Nzola","A","Pc","SAS","Sassuolo","5336","10","15","Beetlejuice","Nzola Sassuolo fbref","https://fbref.com/en/search/search.fcgi?search=Nzola%20Sassuolo%20fbref","a4948e67","M'Bala Nzola","https://fbref.com/en/players/a4948e67/MBala-Nzola","confirmed","0.98","FBref","2026-06-05","V376","Nome listone cognome: associato a M'Bala Nzola; apostrofo gestito nello slug FBref. Batch-04 verificato manualmente su FBref."
"181","batch-04","fc-4359","Piccoli","A","Pc","FIO","Fiorentina","4359","9","15","Beetlejuice","Piccoli Fiorentina fbref","https://fbref.com/en/search/search.fcgi?search=Piccoli%20Fiorentina%20fbref","1cadaf34","Roberto Piccoli","https://fbref.com/en/players/1cadaf34/Roberto-Piccoli","confirmed","0.98","FBref","2026-06-05","V376","Nome listone cognome: associato a Roberto Piccoli, Fiorentina. Batch-04 verificato manualmente su FBref."
"211","batch-05","fc-608","Zapata D.","A","Pc","TOR","Torino","608","8","15","River Plaid","Zapata D Torino fbref","https://fbref.com/en/search/search.fcgi?search=Zapata%20D%20Torino%20fbref","","","","needs-review","","","","",""
"132","batch-03","fc-7133","Vandeputte","C","W/T","CRE","Cremonese","7133","11","15","Real Pisistrius","Vandeputte Cremonese fbref","https://fbref.com/en/search/search.fcgi?search=Vandeputte%20Cremonese%20fbref","68e75bf4","Jari Vandeputte","https://fbref.com/en/players/68e75bf4/Jari-Vandeputte","confirmed","0.98","FBref","2026-06-05","V375","Nome listone cognome: associato a Jari Vandeputte, Cremonese. Batch-03 verificato manualmente su FBref."
"225","batch-05","fc-6831","Neres","C","W/A","NAP","Napoli","6831","10","15","Beetlejuice","Neres Napoli fbref","https://fbref.com/en/search/search.fcgi?search=Neres%20Napoli%20fbref","","","","needs-review","","","","",""
"240","batch-05","fc-6680","Karlstrom","C","M/C","UDI","Udinese","6680","9","15","","Karlstrom Udinese fbref","https://fbref.com/en/search/search.fcgi?search=Karlstrom%20Udinese%20fbref","","","","needs-review","","","","",""
"220","batch-05","fc-5823","Baldanzi","C","T/A","GEN","Genoa","5823","9","15","Ac Milan","Baldanzi Genoa fbref","https://fbref.com/en/search/search.fcgi?search=Baldanzi%20Genoa%20fbref","","","","needs-review","","","","",""
"127","batch-03","fc-5791","Frendrup","C","M/C","GEN","Genoa","5791","9","15","Olympic Salerno  FC","Frendrup Genoa fbref","https://fbref.com/en/search/search.fcgi?search=Frendrup%20Genoa%20fbref","f4d60499","Morten Frendrup","https://fbref.com/en/players/f4d60499/Morten-Frendrup","confirmed","0.98","FBref","2026-06-05","V375","Nome listone cognome: associato a Morten Frendrup, Genoa. Batch-03 verificato manualmente su FBref."
"213","batch-05","fc-4947","Brescianini","C","C/T","FIO","Fiorentina","4947","10","15","real mappine","Brescianini Fiorentina fbref","https://fbref.com/en/search/search.fcgi?search=Brescianini%20Fiorentina%20fbref","","","","needs-review","","","","",""
"103","batch-03","fc-4364","Gaetano","C","T","CAG","Cagliari","4364","13","15","FC DueFratelli2005","Gaetano Cagliari fbref","https://fbref.com/en/search/search.fcgi?search=Gaetano%20Cagliari%20fbref","3b387cc7","Gianluca Gaetano","https://fbref.com/en/players/3b387cc7/Gianluca-Gaetano","confirmed","0.98","FBref","2026-06-05","V375","Nome listone cognome: associato a Gianluca Gaetano, Cagliari. Batch-03 verificato manualmente su FBref."
"208","batch-05","fc-4349","Nicolussi Caviglia","C","M/C","PAR","Parma","4349","8","15","River Plaid","Nicolussi Caviglia Parma fbref","https://fbref.com/en/search/search.fcgi?search=Nicolussi%20Caviglia%20Parma%20fbref","","","","needs-review","","","","",""
"134","batch-03","fc-6496","Bartesaghi","D","Ds/E","MIL","Milan","6496","10","15","Real Pisistrius","Bartesaghi Milan fbref","https://fbref.com/en/search/search.fcgi?search=Bartesaghi%20Milan%20fbref","7e0b6c50","Davide Bartesaghi","https://fbref.com/en/players/7e0b6c50/Davide-Bartesaghi","confirmed","0.98","FBref","2026-06-05","V375","Nome listone cognome: associato a Davide Bartesaghi, Milan. Batch-03 verificato manualmente su FBref."
"160","batch-04","fc-5877","Carlos Augusto","D","B/Ds/E","INT","Inter","5877","10","15","Beetlejuice","Carlos Augusto Inter fbref","https://fbref.com/en/search/search.fcgi?search=Carlos%20Augusto%20Inter%20fbref","8d3cd59d","Carlos Augusto","https://fbref.com/en/players/8d3cd59d/Carlos-Augusto","confirmed","0.98","FBref","2026-06-05","V376","Nome listone completo: associato a Carlos Augusto, Inter. Batch-04 verificato manualmente su FBref."
"217","batch-05","fc-5555","Kamara H.","D","Ds/E","UDI","Udinese","5555","6","15","Real Pisistrius","Kamara H Udinese fbref","https://fbref.com/en/search/search.fcgi?search=Kamara%20H%20Udinese%20fbref","","","","needs-review","","","","",""
"215","batch-05","fc-4502","Gallo","D","Ds/E","LEC","Lecce","4502","10","15","","Gallo Lecce fbref","https://fbref.com/en/search/search.fcgi?search=Gallo%20Lecce%20fbref","","","","needs-review","","","","",""
"396","batch-08","fc-7337","Motta","P","Por","LAZ","Lazio","7337","5","15","","Motta Lazio fbref","https://fbref.com/en/search/search.fcgi?search=Motta%20Lazio%20fbref","","","","needs-review","","","","",""
"150","batch-03","fc-2814","Provedel","P","Por","LAZ","Lazio","2814","11","15","Real Pisistrius","Provedel Lazio fbref","https://fbref.com/en/search/search.fcgi?search=Provedel%20Lazio%20fbref","277da414","Ivan Provedel","https://fbref.com/en/players/277da414/Ivan-Provedel","confirmed","0.98","FBref","2026-06-05","V375","Nome listone cognome: associato a Ivan Provedel, Lazio. Batch-03 verificato manualmente su FBref."
"233","batch-05","fc-6629","Dele-Bashiru","C","C/T","LAZ","Lazio","6629","6","14","River Plaid","Dele-Bashiru Lazio fbref","https://fbref.com/en/search/search.fcgi?search=Dele-Bashiru%20Lazio%20fbref","","","","needs-review","","","","",""
"269","batch-06","fc-6252","Folorunsho","C","C/T","CAG","Cagliari","6252","10","14","","Folorunsho Cagliari fbref","https://fbref.com/en/search/search.fcgi?search=Folorunsho%20Cagliari%20fbref","","","","needs-review","","","","",""
"167","batch-04","fc-2765","Odgaard","C","T/A","BOL","Bologna","2765","13","14","Beetlejuice","Odgaard Bologna fbref","https://fbref.com/en/search/search.fcgi?search=Odgaard%20Bologna%20fbref","75374ee7","Jens Odgaard","https://fbref.com/en/players/75374ee7/Jens-Odgaard","confirmed","0.98","FBref","2026-06-05","V376","Nome listone cognome: associato a Jens Odgaard, Bologna. Batch-04 verificato manualmente su FBref."
"114","batch-03","fc-2529","Mkhitaryan","C","C/T","INT","Inter","2529","14","14","Afc Severgas Baronissi","Mkhitaryan Inter fbref","https://fbref.com/en/search/search.fcgi?search=Mkhitaryan%20Inter%20fbref","dd0daf32","Henrikh Mkhitaryan","https://fbref.com/en/players/dd0daf32/Henrikh-Mkhitaryan","confirmed","0.98","FBref","2026-06-05","V375","Nome listone cognome: associato a Henrikh Mkhitaryan, Inter. Batch-03 verificato manualmente su FBref."
"116","batch-03","fc-2077","Pasalic","C","C/T","ATA","Atalanta","2077","12","14","Beetlejuice","Pasalic Atalanta fbref","https://fbref.com/en/search/search.fcgi?search=Pasalic%20Atalanta%20fbref","e599253a","Mario Pašalić","https://fbref.com/en/players/e599253a/Mario-Pasalic","confirmed","0.98","FBref","2026-06-05","V375","Nome listone cognome: associato a Mario Pašalić, Atalanta. Batch-03 verificato manualmente su FBref."
"189","batch-04","fc-788","Freuler","C","M/C","BOL","Bologna","788","8","14","As Paperopoli","Freuler Bologna fbref","https://fbref.com/en/search/search.fcgi?search=Freuler%20Bologna%20fbref","98d2c2c4","Remo Freuler","https://fbref.com/en/players/98d2c2c4/Remo-Freuler","confirmed","0.98","FBref","2026-06-05","V376","Nome listone cognome: associato a Remo Freuler, Bologna. Batch-04 verificato manualmente su FBref."
"352","batch-08","fc-7240","Siebert","D","Dc","LEC","Lecce","7240","6","14","","Siebert Lecce fbref","https://fbref.com/en/search/search.fcgi?search=Siebert%20Lecce%20fbref","","","","needs-review","","","","",""
"197","batch-04","fc-6814","Norton-Cuffy","D","Dd/E","GEN","Genoa","6814","7","14","FC DueFratelli2005","Norton-Cuffy Genoa fbref","https://fbref.com/en/search/search.fcgi?search=Norton-Cuffy%20Genoa%20fbref","54f5b2bd","Brooke Norton-Cuffy","https://fbref.com/en/players/54f5b2bd/Brooke-Norton-Cuffy","confirmed","0.98","FBref","2026-06-05","V376","Nome listone Norton-Cuffy: associato a Brooke Norton-Cuffy, Genoa. Batch-04 verificato manualmente su FBref."
"144","batch-03","fc-6485","Kristensen T.","D","Dd/Dc","UDI","Udinese","6485","11","14","Olympic Salerno  FC","Kristensen T Udinese fbref","https://fbref.com/en/search/search.fcgi?search=Kristensen%20T%20Udinese%20fbref","fadf9a05","Thomas Kristensen","https://fbref.com/en/players/fadf9a05/Thomas-Kristensen","confirmed","0.98","FBref","2026-06-05","V375","Nome listone Kristensen T.: associato a Thomas Kristensen, Udinese; omonimo storico escluso. Batch-03 verificato manualmente su FBref."
"249","batch-05","fc-5840","Olivera","D","Ds/E","NAP","Napoli","5840","5","14","Prestige Worldwide","Olivera Napoli fbref","https://fbref.com/en/search/search.fcgi?search=Olivera%20Napoli%20fbref","","","","needs-review","","","","",""
"322","batch-07","fc-5010","Ismajli","D","Dc","TOR","Torino","5010","6","14","","Ismajli Torino fbref","https://fbref.com/en/search/search.fcgi?search=Ismajli%20Torino%20fbref","","","","needs-review","","","","",""
"91","batch-02","fc-4657","Celik","D","B/Dd/E","ROM","Roma","4657","14","14","FC DueFratelli2005","Celik Roma fbref","https://fbref.com/en/search/search.fcgi?search=Celik%20Roma%20fbref","31a62dc7","Zeki Çelik","https://fbref.com/en/players/31a62dc7/Zeki-Celik","confirmed","0.98","FBref","2026-06-05","V374","Nome listone Celik: associato a Zeki Çelik, Roma. Batch-02 verificato manualmente su FBref."
"202","batch-05","fc-4401","Gabbia","D","Dc","MIL","Milan","4401","5","14","Olympic Salerno  FC","Gabbia Milan fbref","https://fbref.com/en/search/search.fcgi?search=Gabbia%20Milan%20fbref","","","","needs-review","","","","",""
"106","batch-03","fc-6462","Okoye","P","Por","UDI","Udinese","6462","14","14","Ac Milan","Okoye Udinese fbref","https://fbref.com/en/search/search.fcgi?search=Okoye%20Udinese%20fbref","ab5c36dd","Maduka Okoye","https://fbref.com/en/players/ab5c36dd/Maduka-Okoye","confirmed","0.98","FBref","2026-06-05","V375","Nome listone cognome: associato a Maduka Okoye, Udinese. Batch-03 verificato manualmente su FBref."
"209","batch-05","fc-133","Skorupski","P","Por","BOL","Bologna","133","11","14","Prestige Worldwide","Skorupski Bologna fbref","https://fbref.com/en/search/search.fcgi?search=Skorupski%20Bologna%20fbref","","","","needs-review","","","","",""
"237","batch-05","fc-7318","Gandelman","C","C/T","LEC","Lecce","7318","9","13","Afc Severgas Baronissi","Gandelman Lecce fbref","https://fbref.com/en/search/search.fcgi?search=Gandelman%20Lecce%20fbref","","","","needs-review","","","","",""
"250","batch-05","fc-6549","Pierotti","C","W/A","LEC","Lecce","6549","7","13","","Pierotti Lecce fbref","https://fbref.com/en/search/search.fcgi?search=Pierotti%20Lecce%20fbref","","","","needs-review","","","","",""
"411","batch-09","fc-6486","Suslov","C","W/T","VER","Verona","6486","4","13","","Suslov Verona fbref","https://fbref.com/en/search/search.fcgi?search=Suslov%20Verona%20fbref","","","","needs-review","","","","",""
"241","batch-05","fc-6394","Ramadani","C","M/C","LEC","Lecce","6394","8","13","","Ramadani Lecce fbref","https://fbref.com/en/search/search.fcgi?search=Ramadani%20Lecce%20fbref","","","","needs-review","","","","",""
"376","batch-08","fc-6274","Diouf","C","C","INT","Inter","6274","7","13","","Diouf Inter fbref","https://fbref.com/en/search/search.fcgi?search=Diouf%20Inter%20fbref","","","","needs-review","","","","",""
"152","batch-04","fc-5453","Ricci S.","C","M/C","MIL","Milan","5453","11","13","Beetlejuice","Ricci S Milan fbref","https://fbref.com/en/search/search.fcgi?search=Ricci%20S%20Milan%20fbref","9823be92","Samuele Ricci","https://fbref.com/en/players/9823be92/Samuele-Ricci","confirmed","0.98","FBref","2026-06-05","V376","Nome listone Ricci S.: associato a Samuele Ricci, Milan; omonimi esclusi. Batch-04 verificato manualmente su FBref."
"306","batch-07","fc-5298","Pobega","C","M/C","BOL","Bologna","5298","8","13","","Pobega Bologna fbref","https://fbref.com/en/search/search.fcgi?search=Pobega%20Bologna%20fbref","","","","needs-review","","","","",""
"119","batch-03","fc-4870","Adopo","C","M/C","CAG","Cagliari","4870","8","13","Olympic Salerno  FC","Adopo Cagliari fbref","https://fbref.com/en/search/search.fcgi?search=Adopo%20Cagliari%20fbref","599d91d0","Michel Ndary Adopo","https://fbref.com/en/players/599d91d0/Michel-Ndary-Adopo","confirmed","0.98","FBref","2026-06-05","V375","Nome listone cognome: associato a Michel Ndary Adopo, Cagliari. Batch-03 verificato manualmente su FBref."
"193","batch-04","fc-4479","Elmas","C","W/T","NAP","Napoli","4479","7","13","FC DueFratelli2005","Elmas Napoli fbref","https://fbref.com/en/search/search.fcgi?search=Elmas%20Napoli%20fbref","cf007308","Elif Elmas","https://fbref.com/en/players/cf007308/Elif-Elmas","confirmed","0.98","FBref","2026-06-05","V376","Nome listone Elmas: associato a Elif Elmas, Napoli; grafia FBref Elif. Batch-04 verificato manualmente su FBref."
"255","batch-06","fc-2528","Matic","C","M/C","SAS","Sassuolo","2528","8","13","","Matic Sassuolo fbref","https://fbref.com/en/search/search.fcgi?search=Matic%20Sassuolo%20fbref","","","","needs-review","","","","",""
"228","batch-05","fc-7143","Angori","D","Ds/E","PIS","Pisa","7143","9","13","","Angori Pisa fbref","https://fbref.com/en/search/search.fcgi?search=Angori%20Pisa%20fbref","","","","needs-review","","","","",""
"275","batch-06","fc-6990","Veiga D.","D","Dd/E","LEC","Lecce","6990","5","13","","Veiga D Lecce fbref","https://fbref.com/en/search/search.fcgi?search=Veiga%20D%20Lecce%20fbref","","","","needs-review","","","","",""
"161","batch-04","fc-6663","Circati","D","Dc","PAR","Parma","6663","8","13","Prestige Worldwide","Circati Parma fbref","https://fbref.com/en/search/search.fcgi?search=Circati%20Parma%20fbref","1223765c","Alessandro Circati","https://fbref.com/en/players/1223765c/Alessandro-Circati","confirmed","0.98","FBref","2026-06-05","V376","Nome listone cognome: associato ad Alessandro Circati, Parma. Batch-04 verificato manualmente su FBref."
"156","batch-04","fc-5835","Baschirotto","D","Dc","CRE","Cremonese","5835","9","13","Beetlejuice","Baschirotto Cremonese fbref","https://fbref.com/en/search/search.fcgi?search=Baschirotto%20Cremonese%20fbref","5a08ee41","Federico Baschirotto","https://fbref.com/en/players/5a08ee41/Federico-Baschirotto","confirmed","0.98","FBref","2026-06-05","V376","Nome listone cognome: associato a Federico Baschirotto, Cremonese. Batch-04 verificato manualmente su FBref."
"267","batch-06","fc-5701","Obert","D","Ds/Dc","CAG","Cagliari","5701","7","13","","Obert Cagliari fbref","https://fbref.com/en/search/search.fcgi?search=Obert%20Cagliari%20fbref","","","","needs-review","","","","",""
"159","batch-04","fc-2724","Buongiorno","D","Dc","NAP","Napoli","2724","8","13","Real Pisistrius","Buongiorno Napoli fbref","https://fbref.com/en/search/search.fcgi?search=Buongiorno%20Napoli%20fbref","4ae67f27","Alessandro Buongiorno","https://fbref.com/en/players/4ae67f27/Alessandro-Buongiorno","confirmed","0.98","FBref","2026-06-05","V376","Nome listone cognome: associato ad Alessandro Buongiorno, Napoli. Batch-04 verificato manualmente su FBref."
"162","batch-04","fc-787","Djimsiti","D","Dc","ATA","Atalanta","787","7","13","As Paperopoli","Djimsiti Atalanta fbref","https://fbref.com/en/search/search.fcgi?search=Djimsiti%20Atalanta%20fbref","6eee05f1","Berat Djimsiti","https://fbref.com/en/players/6eee05f1/Berat-Djimsiti","confirmed","0.98","FBref","2026-06-05","V376","Nome listone cognome: associato a Berat Djimsiti, Atalanta. Batch-04 verificato manualmente su FBref."
"184","batch-04","fc-7252","Stulic","A","Pc","LEC","Lecce","7252","8","12","real mappine","Stulic Lecce fbref","https://fbref.com/en/search/search.fcgi?search=Stulic%20Lecce%20fbref","557ada13","Nikola Štulić","https://fbref.com/en/players/557ada13/Nikola-Stulic","confirmed","0.98","FBref","2026-06-05","V376","Nome listone Stulic: associato a Nikola Štulić, Lecce; accento normalizzato nello slug. Batch-04 verificato manualmente su FBref."
"203","batch-05","fc-7008","Gimenez","A","Pc","MIL","Milan","7008","12","12","Ac Milan","Gimenez Milan fbref","https://fbref.com/en/search/search.fcgi?search=Gimenez%20Milan%20fbref","","","","needs-review","","","","",""
"235","batch-05","fc-6365","Ferguson E.","A","Pc","ROM","Roma","6365","10","12","Afc Severgas Baronissi","Ferguson E Roma fbref","https://fbref.com/en/search/search.fcgi?search=Ferguson%20E%20Roma%20fbref","","","","needs-review","","","","",""
"135","batch-03","fc-5506","Ekuban","A","A","GEN","Genoa","5506","12","12","real mappine","Ekuban Genoa fbref","https://fbref.com/en/search/search.fcgi?search=Ekuban%20Genoa%20fbref","7afbd2c3","Caleb Ekuban","https://fbref.com/en/players/7afbd2c3/Caleb-Ekuban","confirmed","0.98","FBref","2026-06-05","V375","Nome listone cognome: associato a Caleb Ekuban, Genoa. Batch-03 verificato manualmente su FBref."
"140","batch-03","fc-5500","Cancellieri","A","W/A","LAZ","Lazio","5500","11","12","Real Pisistrius","Cancellieri Lazio fbref","https://fbref.com/en/search/search.fcgi?search=Cancellieri%20Lazio%20fbref","b6a1cdf9","Matteo Cancellieri","https://fbref.com/en/players/b6a1cdf9/Matteo-Cancellieri","confirmed","0.98","FBref","2026-06-05","V375","Nome listone cognome: associato a Matteo Cancellieri, Lazio. Batch-03 verificato manualmente su FBref."
"201","batch-05","fc-2678","Fullkrug","A","Pc","MIL","Milan","2678","10","12","Afc Severgas Baronissi","Fullkrug Milan fbref","https://fbref.com/en/search/search.fcgi?search=Fullkrug%20Milan%20fbref","","","","needs-review","","","","",""
"288","batch-06","fc-7223","Vergara","C","W/T","NAP","Napoli","7223","8","12","River Plaid","Vergara Napoli fbref","https://fbref.com/en/search/search.fcgi?search=Vergara%20Napoli%20fbref","","","","needs-review","","","","",""
"287","batch-06","fc-7209","Sorensen O.","C","C","PAR","Parma","7209","7","12","","Sorensen O Parma fbref","https://fbref.com/en/search/search.fcgi?search=Sorensen%20O%20Parma%20fbref","","","","needs-review","","","","",""
"210","batch-05","fc-7146","Tourè I.","C","E/M","PIS","Pisa","7146","5","12","real mappine","Tourè I Pisa fbref","https://fbref.com/en/search/search.fcgi?search=Tour%C3%A8%20I%20Pisa%20fbref","","","","needs-review","","","","",""
"341","batch-07","fc-7138","Ordonez C.","C","M/C","PAR","Parma","7138","6","12","","Ordonez C Parma fbref","https://fbref.com/en/search/search.fcgi?search=Ordonez%20C%20Parma%20fbref","","","","needs-review","","","","",""
"354","batch-08","fc-6980","Venturino","C","W","ROM","Roma","6980","2","12","FC DueFratelli2005","Venturino Roma fbref","https://fbref.com/en/search/search.fcgi?search=Venturino%20Roma%20fbref","","","","needs-review","","","","",""
"310","batch-07","fc-5992","Bondo","C","M/C","CRE","Cremonese","5992","5","12","","Bondo Cremonese fbref","https://fbref.com/en/search/search.fcgi?search=Bondo%20Cremonese%20fbref","","","","needs-review","","","","",""
"335","batch-07","fc-5858","Ferguson","C","C/T","BOL","Bologna","5858","5","12","","Ferguson Bologna fbref","https://fbref.com/en/search/search.fcgi?search=Ferguson%20Bologna%20fbref","","","","needs-review","","","","",""
"257","batch-06","fc-5813","Miretti","C","C/T","JUV","Juventus","5813","7","12","Prestige Worldwide","Miretti Juventus fbref","https://fbref.com/en/search/search.fcgi?search=Miretti%20Juventus%20fbref","","","","needs-review","","","","",""
"155","batch-04","fc-5784","Aebischer","C","C","PIS","Pisa","5784","6","12","Ac Milan","Aebischer Pisa fbref","https://fbref.com/en/search/search.fcgi?search=Aebischer%20Pisa%20fbref","f9c927de","Michel Aebischer","https://fbref.com/en/players/f9c927de/Michel-Aebischer","confirmed","0.98","FBref","2026-06-05","V376","Nome listone cognome: associato a Michel Aebischer, Pisa/Bologna. Batch-04 verificato manualmente su FBref."
"261","batch-06","fc-5761","Zhegrova","C","W","JUV","Juventus","5761","9","12","real mappine","Zhegrova Juventus fbref","https://fbref.com/en/search/search.fcgi?search=Zhegrova%20Juventus%20fbref","","","","needs-review","","","","",""
"251","batch-06","fc-5319","Sohm","C","C","BOL","Bologna","5319","4","12","Real Pisistrius","Sohm Bologna fbref","https://fbref.com/en/search/search.fcgi?search=Sohm%20Bologna%20fbref","","","","needs-review","","","","",""
"280","batch-06","fc-5301","Luis Henrique","C","E/W","INT","Inter","5301","8","12","","Luis Henrique Inter fbref","https://fbref.com/en/search/search.fcgi?search=Luis%20Henrique%20Inter%20fbref","","","","needs-review","","","","",""
"266","batch-06","fc-5131","Gilmour","C","M/C","NAP","Napoli","5131","7","12","River Plaid","Gilmour Napoli fbref","https://fbref.com/en/search/search.fcgi?search=Gilmour%20Napoli%20fbref","","","","needs-review","","","","",""
"247","batch-05","fc-4970","Messias","C","C/W","GEN","Genoa","4970","16","12","","Messias Genoa fbref","https://fbref.com/en/search/search.fcgi?search=Messias%20Genoa%20fbref","","","","needs-review","","","","",""
"185","batch-04","fc-4404","Thorsby","C","C/T","CRE","Cremonese","4404","12","12","Beetlejuice","Thorsby Cremonese fbref","https://fbref.com/en/search/search.fcgi?search=Thorsby%20Cremonese%20fbref","d1b49282","Morten Thorsby","https://fbref.com/en/players/d1b49282/Morten-Thorsby","confirmed","0.98","FBref","2026-06-05","V376","Nome listone cognome: associato a Morten Thorsby, Cremonese. Batch-04 verificato manualmente su FBref."
"399","batch-08","fc-4284","Sergi Roberto","C","M/C","COM","Como","4284","3","12","","Sergi Roberto Como fbref","https://fbref.com/en/search/search.fcgi?search=Sergi%20Roberto%20Como%20fbref","","","","needs-review","","","","",""
"195","batch-04","fc-4199","Loftus-Cheek","C","C/T","MIL","Milan","4199","10","12","Real Pisistrius","Loftus-Cheek Milan fbref","https://fbref.com/en/search/search.fcgi?search=Loftus-Cheek%20Milan%20fbref","e97fd090","Ruben Loftus-Cheek","https://fbref.com/en/players/e97fd090/Ruben-Loftus-Cheek","confirmed","0.98","FBref","2026-06-05","V376","Nome listone completo: associato a Ruben Loftus-Cheek, Milan. Batch-04 verificato manualmente su FBref."
"246","batch-05","fc-2334","Leris","C","W","PIS","Pisa","2334","10","12","","Leris Pisa fbref","https://fbref.com/en/search/search.fcgi?search=Leris%20Pisa%20fbref","","","","needs-review","","","","",""
"339","batch-07","fc-1976","Mazzitelli","C","M/C","CAG","Cagliari","1976","10","12","","Mazzitelli Cagliari fbref","https://fbref.com/en/search/search.fcgi?search=Mazzitelli%20Cagliari%20fbref","","","","needs-review","","","","",""
"279","batch-06","fc-801","Gagliardini","C","M/C","VER","Verona","801","7","12","","Gagliardini Verona fbref","https://fbref.com/en/search/search.fcgi?search=Gagliardini%20Verona%20fbref","","","","needs-review","","","","",""
"365","batch-08","fc-7352","Edmundsson","D","Dc","VER","Verona","7352","6","12","","Edmundsson Verona fbref","https://fbref.com/en/search/search.fcgi?search=Edmundsson%20Verona%20fbref","","","","needs-review","","","","",""
"353","batch-08","fc-7235","Troilo","D","Dc","PAR","Parma","7235","5","12","","Troilo Parma fbref","https://fbref.com/en/search/search.fcgi?search=Troilo%20Parma%20fbref","","","","needs-review","","","","",""
"174","batch-04","fc-7220","Belghali","D","Dd/E","VER","Verona","7220","10","12","Ac Milan","Belghali Verona fbref","https://fbref.com/en/search/search.fcgi?search=Belghali%20Verona%20fbref","0abcb968","Rafik Belghali","https://fbref.com/en/players/0abcb968/Rafik-Belghali","confirmed","0.98","FBref","2026-06-05","V376","Nome listone cognome: associato a Rafik Belghali, Verona. Batch-04 verificato manualmente su FBref."
"199","batch-04","fc-7219","Bernasconi","D","E","ATA","Atalanta","7219","9","12","As Paperopoli","Bernasconi Atalanta fbref","https://fbref.com/en/search/search.fcgi?search=Bernasconi%20Atalanta%20fbref","c1041eb7","Lorenzo Bernasconi","https://fbref.com/en/players/c1041eb7/Lorenzo-Bernasconi","confirmed","0.98","FBref","2026-06-05","V376","Nome listone cognome: associato a Lorenzo Bernasconi, Atalanta. Batch-04 verificato manualmente su FBref."
"238","batch-05","fc-7212","Heggem","D","Ds/Dc","BOL","Bologna","7212","4","12","As Paperopoli","Heggem Bologna fbref","https://fbref.com/en/search/search.fcgi?search=Heggem%20Bologna%20fbref","","","","needs-review","","","","",""
"272","batch-06","fc-7175","Joao Mario","D","E","BOL","Bologna","7175","6","12","Olympic Salerno  FC","Joao Mario Bologna fbref","https://fbref.com/en/search/search.fcgi?search=Joao%20Mario%20Bologna%20fbref","","","","needs-review","","","","",""
"236","batch-05","fc-7131","Floriani Mussolini","D","Dd/E","CRE","Cremonese","7131","5","12","River Plaid","Floriani Mussolini Cremonese fbref","https://fbref.com/en/search/search.fcgi?search=Floriani%20Mussolini%20Cremonese%20fbref","","","","needs-review","","","","",""
"316","batch-07","fc-7014","Smolcic I.","D","Dd/Dc","COM","Como","7014","6","12","","Smolcic I Como fbref","https://fbref.com/en/search/search.fcgi?search=Smolcic%20I%20Como%20fbref","","","","needs-review","","","","",""
"315","batch-07","fc-7012","Provstgaard","D","Dc","LAZ","Lazio","7012","7","12","","Provstgaard Lazio fbref","https://fbref.com/en/search/search.fcgi?search=Provstgaard%20Lazio%20fbref","","","","needs-review","","","","",""
"136","batch-03","fc-6672","Idzes","D","Dc","SAS","Sassuolo","6672","8","12","Afc Severgas Baronissi","Idzes Sassuolo fbref","https://fbref.com/en/search/search.fcgi?search=Idzes%20Sassuolo%20fbref","a54ef587","Jay Idzes","https://fbref.com/en/players/a54ef587/Jay-Idzes","confirmed","0.98","FBref","2026-06-05","V375","Nome listone cognome: associato a Jay Idzes, Sassuolo. Batch-03 verificato manualmente su FBref."
"179","batch-04","fc-6660","Marcandalli","D","Dc","GEN","Genoa","6660","7","12","Olympic Salerno  FC","Marcandalli Genoa fbref","https://fbref.com/en/search/search.fcgi?search=Marcandalli%20Genoa%20fbref","d3225ad1","Alessandro Marcandalli","https://fbref.com/en/players/d3225ad1/Alessandro-Marcandalli","confirmed","0.98","FBref","2026-06-05","V376","Nome listone cognome: associato ad Alessandro Marcandalli, Genoa; scelto profilo FBref aggiornato con Genoa/Venezia/Reggiana. Batch-04 verificato manualmente su FBref."
"123","batch-03","fc-6642","Coco","D","Dc","TOR","Torino","6642","9","12","Beetlejuice","Coco Torino fbref","https://fbref.com/en/search/search.fcgi?search=Coco%20Torino%20fbref","d0ee1652","Saúl Coco","https://fbref.com/en/players/d0ee1652/Saul-Coco","confirmed","0.98","FBref","2026-06-05","V375","Nome listone cognome: associato a Saúl Coco, Torino. Batch-03 verificato manualmente su FBref."
"270","batch-06","fc-6639","Frese","D","Ds/E","VER","Verona","6639","7","12","","Frese Verona fbref","https://fbref.com/en/search/search.fcgi?search=Frese%20Verona%20fbref","","","","needs-review","","","","",""
"294","batch-06","fc-6426","Pedersen","D","Dd/E","TOR","Torino","6426","7","12","","Pedersen Torino fbref","https://fbref.com/en/search/search.fcgi?search=Pedersen%20Torino%20fbref","","","","needs-review","","","","",""
"196","batch-04","fc-6042","Lucumì","D","Dc","BOL","Bologna","6042","7","12","As Paperopoli","Lucumì Bologna fbref","https://fbref.com/en/search/search.fcgi?search=Lucum%C3%AC%20Bologna%20fbref","80490d7f","Jhon Lucumí","https://fbref.com/en/players/80490d7f/Jhon-Lucumi","confirmed","0.98","FBref","2026-06-05","V376","Nome listone Lucumì: associato a Jhon Lucumí, Bologna; accento normalizzato nello slug. Batch-04 verificato manualmente su FBref."
"182","batch-04","fc-5603","Pongracic","D","Dc","FIO","Fiorentina","5603","5","12","Ac Milan","Pongracic Fiorentina fbref","https://fbref.com/en/search/search.fcgi?search=Pongracic%20Fiorentina%20fbref","2a6cd437","Marin Pongračić","https://fbref.com/en/players/2a6cd437/Marin-Pongracic","confirmed","0.98","FBref","2026-06-05","V376","Nome listone cognome: associato a Marin Pongračić, Fiorentina; accento normalizzato nello slug. Batch-04 verificato manualmente su FBref."
"355","batch-08","fc-5527","Zanoli","D","Dd/E","UDI","Udinese","5527","6","12","","Zanoli Udinese fbref","https://fbref.com/en/search/search.fcgi?search=Zanoli%20Udinese%20fbref","","","","needs-review","","","","",""
"326","batch-07","fc-5449","Parisi","D","E","FIO","Fiorentina","5449","6","12","","Parisi Fiorentina fbref","https://fbref.com/en/search/search.fcgi?search=Parisi%20Fiorentina%20fbref","","","","needs-review","","","","",""
"194","batch-04","fc-5427","Gutierrez","D","Ds/E","NAP","Napoli","5427","10","12","Ac Milan","Gutierrez Napoli fbref","https://fbref.com/en/search/search.fcgi?search=Gutierrez%20Napoli%20fbref","7e98cff1","Miguel Gutiérrez","https://fbref.com/en/players/7e98cff1/Miguel-Gutierrez","confirmed","0.98","FBref","2026-06-05","V376","Nome listone Gutierrez: associato a Miguel Gutiérrez, Napoli; omonimo Perù escluso. Batch-04 verificato manualmente su FBref."
"172","batch-04","fc-4994","Vojvoda","D","Dd/E","COM","Como","4994","10","12","River Plaid","Vojvoda Como fbref","https://fbref.com/en/search/search.fcgi?search=Vojvoda%20Como%20fbref","be2706c0","Mërgim Vojvoda","https://fbref.com/en/players/be2706c0/Mergim-Vojvoda","confirmed","0.98","FBref","2026-06-05","V376","Nome listone cognome: associato a Mërgim Vojvoda, Como/Torino; accenti normalizzati nello slug. Batch-04 verificato manualmente su FBref."
"191","batch-04","fc-4433","Zortea","D","E","BOL","Bologna","4433","8","12","Afc Severgas Baronissi","Zortea Bologna fbref","https://fbref.com/en/search/search.fcgi?search=Zortea%20Bologna%20fbref","82598b71","Nadir Zortea","https://fbref.com/en/players/82598b71/Nadir-Zortea","confirmed","0.98","FBref","2026-06-05","V376","Nome listone cognome: associato a Nadir Zortea, Bologna. Batch-04 verificato manualmente su FBref."
"290","batch-06","fc-4374","Walukiewicz","D","Dd/Dc","SAS","Sassuolo","4374","5","12","","Walukiewicz Sassuolo fbref","https://fbref.com/en/search/search.fcgi?search=Walukiewicz%20Sassuolo%20fbref","","","","needs-review","","","","",""
"190","batch-04","fc-4210","Mina","D","Dc","CAG","Cagliari","4210","9","12","FC DueFratelli2005","Mina Cagliari fbref","https://fbref.com/en/search/search.fcgi?search=Mina%20Cagliari%20fbref","6d5701f2","Yerry Mina","https://fbref.com/en/players/6d5701f2/Yerry-Mina","confirmed","0.98","FBref","2026-06-05","V376","Nome listone cognome: associato a Yerry Mina, Cagliari. Batch-04 verificato manualmente su FBref."
"292","batch-06","fc-4137","Diego Carlos","D","Dc","COM","Como","4137","8","12","","Diego Carlos Como fbref","https://fbref.com/en/search/search.fcgi?search=Diego%20Carlos%20Como%20fbref","","","","needs-review","","","","",""
"347","batch-07","fc-2640","Kolasinac","D","B/Ds/E","ATA","Atalanta","2640","7","12","","Kolasinac Atalanta fbref","https://fbref.com/en/search/search.fcgi?search=Kolasinac%20Atalanta%20fbref","","","","needs-review","","","","",""
"146","batch-03","fc-2188","Marusic","D","Dd/Ds/E","LAZ","Lazio","2188","8","12","Real Pisistrius","Marusic Lazio fbref","https://fbref.com/en/search/search.fcgi?search=Marusic%20Lazio%20fbref","d4535821","Adam Marušić","https://fbref.com/en/players/d4535821/Adam-Marusic","confirmed","0.98","FBref","2026-06-05","V375","Nome listone cognome: associato a Adam Marušić, Lazio. Batch-03 verificato manualmente su FBref."
"145","batch-03","fc-393","Luperto","D","Dc","CRE","Cremonese","393","8","12","Beetlejuice","Luperto Cremonese fbref","https://fbref.com/en/search/search.fcgi?search=Luperto%20Cremonese%20fbref","997fff07","Sebastiano Luperto","https://fbref.com/en/players/997fff07/Sebastiano-Luperto","confirmed","0.98","FBref","2026-06-05","V375","Nome listone cognome: associato a Sebastiano Luperto, Cremonese. Batch-03 verificato manualmente su FBref."
"297","batch-06","fc-6981","Vaz","A","Pc","ROM","Roma","6981","8","11","Afc Severgas Baronissi","Vaz Roma fbref","https://fbref.com/en/search/search.fcgi?search=Vaz%20Roma%20fbref","","","","needs-review","","","","",""
"403","batch-09","fc-7341","Amorim","C","M/C","GEN","Genoa","7341","5","11","","Amorim Genoa fbref","https://fbref.com/en/search/search.fcgi?search=Amorim%20Genoa%20fbref","","","","needs-review","","","","",""
"303","batch-07","fc-7331","Loyola","C","M/C","PIS","Pisa","7331","5","11","Afc Severgas Baronissi","Loyola Pisa fbref","https://fbref.com/en/search/search.fcgi?search=Loyola%20Pisa%20fbref","","","","needs-review","","","","",""
"350","batch-07","fc-7208","Miller L.","C","M/C","UDI","Udinese","7208","7","11","","Miller L Udinese fbref","https://fbref.com/en/search/search.fcgi?search=Miller%20L%20Udinese%20fbref","","","","needs-review","","","","",""
"295","batch-06","fc-7198","Piotrowski","C","C","UDI","Udinese","7198","7","11","","Piotrowski Udinese fbref","https://fbref.com/en/search/search.fcgi?search=Piotrowski%20Udinese%20fbref","","","","needs-review","","","","",""
"278","batch-06","fc-7028","Bernede","C","C","VER","Verona","7028","7","11","","Bernede Verona fbref","https://fbref.com/en/search/search.fcgi?search=Bernede%20Verona%20fbref","","","","needs-review","","","","",""
"343","batch-07","fc-6593","Akinsanmiro","C","C/T","PIS","Pisa","6593","5","11","","Akinsanmiro Pisa fbref","https://fbref.com/en/search/search.fcgi?search=Akinsanmiro%20Pisa%20fbref","","","","needs-review","","","","",""
"285","batch-06","fc-6424","Prati","C","M/C","TOR","Torino","6424","7","11","","Prati Torino fbref","https://fbref.com/en/search/search.fcgi?search=Prati%20Torino%20fbref","","","","needs-review","","","","",""
"319","batch-07","fc-6271","El Aynaoui","C","M/C","ROM","Roma","6271","8","11","","El Aynaoui Roma fbref","https://fbref.com/en/search/search.fcgi?search=El%20Aynaoui%20Roma%20fbref","","","","needs-review","","","","",""
"451","batch-10","fc-6112","Iling Junior","C","E/W","PIS","Pisa","6112","3","11","","Iling Junior Pisa fbref","https://fbref.com/en/search/search.fcgi?search=Iling%20Junior%20Pisa%20fbref","","","","needs-review","","","","",""
"281","batch-06","fc-6054","Moro N.","C","M/C","BOL","Bologna","6054","9","11","","Moro N Bologna fbref","https://fbref.com/en/search/search.fcgi?search=Moro%20N%20Bologna%20fbref","","","","needs-review","","","","",""
"223","batch-05","fc-5685","Koopmeiners","C","C/T","JUV","Juventus","5685","4","11","Olympic Salerno  FC","Koopmeiners Juventus fbref","https://fbref.com/en/search/search.fcgi?search=Koopmeiners%20Juventus%20fbref","","","","needs-review","","","","",""
"282","batch-06","fc-5295","Musah","C","C/W","ATA","Atalanta","5295","5","11","As Paperopoli","Musah Atalanta fbref","https://fbref.com/en/search/search.fcgi?search=Musah%20Atalanta%20fbref","","","","needs-review","","","","",""
"218","batch-05","fc-5119","Samardzic","C","T","ATA","Atalanta","5119","9","11","Olympic Salerno  FC","Samardzic Atalanta fbref","https://fbref.com/en/search/search.fcgi?search=Samardzic%20Atalanta%20fbref","","","","needs-review","","","","",""
"358","batch-08","fc-1871","Deiola","C","M/C","CAG","Cagliari","1871","6","11","","Deiola Cagliari fbref","https://fbref.com/en/search/search.fcgi?search=Deiola%20Cagliari%20fbref","","","","needs-review","","","","",""
"334","batch-07","fc-795","El Shaarawy","C","W","ROM","Roma","795","9","11","","El Shaarawy Roma fbref","https://fbref.com/en/search/search.fcgi?search=El%20Shaarawy%20Roma%20fbref","","","","needs-review","","","","",""
"364","batch-08","fc-7274","Zè Pedro","D","Dc","CAG","Cagliari","7274","5","11","","Zè Pedro Cagliari fbref","https://fbref.com/en/search/search.fcgi?search=Z%C3%A8%20Pedro%20Cagliari%20fbref","","","","needs-review","","","","",""
"176","batch-04","fc-7139","Canestrelli","D","Dc","PIS","Pisa","7139","5","11","real mappine","Canestrelli Pisa fbref","https://fbref.com/en/search/search.fcgi?search=Canestrelli%20Pisa%20fbref","d8c54a50","Simone Canestrelli","https://fbref.com/en/players/d8c54a50/Simone-Canestrelli","confirmed","0.98","FBref","2026-06-05","V376","Nome listone cognome: associato a Simone Canestrelli, Pisa. Batch-04 verificato manualmente su FBref."
"274","batch-06","fc-7018","Nelsson","D","Dc","VER","Verona","7018","5","11","","Nelsson Verona fbref","https://fbref.com/en/search/search.fcgi?search=Nelsson%20Verona%20fbref","","","","needs-review","","","","",""
"222","batch-05","fc-6631","Ghilardi","D","Dc","ROM","Roma","6631","8","11","Prestige Worldwide","Ghilardi Roma fbref","https://fbref.com/en/search/search.fcgi?search=Ghilardi%20Roma%20fbref","","","","needs-review","","","","",""
"252","batch-06","fc-6495","Comuzzo","D","Dc","FIO","Fiorentina","6495","4","11","Afc Severgas Baronissi","Comuzzo Fiorentina fbref","https://fbref.com/en/search/search.fcgi?search=Comuzzo%20Fiorentina%20fbref","","","","needs-review","","","","",""
"171","batch-04","fc-5812","Terracciano F.","D","Dd/Ds/E","CRE","Cremonese","5812","7","11","real mappine","Terracciano F Cremonese fbref","https://fbref.com/en/search/search.fcgi?search=Terracciano%20F%20Cremonese%20fbref","5cbb5ad6","Filippo Terracciano","https://fbref.com/en/players/5cbb5ad6/Filippo-Terracciano","confirmed","0.98","FBref","2026-06-05","V376","Nome listone Terracciano F.: associato a Filippo Terracciano, Cremonese. Batch-04 verificato manualmente su FBref."
"298","batch-06","fc-5532","Bradaric","D","Ds/E","VER","Verona","5532","6","11","","Bradaric Verona fbref","https://fbref.com/en/search/search.fcgi?search=Bradaric%20Verona%20fbref","","","","needs-review","","","","",""
"243","batch-05","fc-4887","Bellanova","D","E","ATA","Atalanta","4887","6","11","River Plaid","Bellanova Atalanta fbref","https://fbref.com/en/search/search.fcgi?search=Bellanova%20Atalanta%20fbref","","","","needs-review","","","","",""
"224","batch-05","fc-4385","Lazaro","D","Dd/E","TOR","Torino","4385","4","11","FC DueFratelli2005","Lazaro Torino fbref","https://fbref.com/en/search/search.fcgi?search=Lazaro%20Torino%20fbref","","","","needs-review","","","","",""
"164","batch-04","fc-2593","Martin","D","Ds/E","GEN","Genoa","2593","10","11","Real Pisistrius","Martin Genoa fbref","https://fbref.com/en/search/search.fcgi?search=Martin%20Genoa%20fbref","2f3e911a","Aarón Martín","https://fbref.com/en/players/2f3e911a/Aaron-Martin","confirmed","0.98","FBref","2026-06-05","V376","Nome listone Martin: associato ad Aarón Martín, Genoa; accento normalizzato nello slug. Batch-04 verificato manualmente su FBref."
"110","batch-03","fc-761","Audero","P","Por","CRE","Cremonese","761","12","11","Olympic Salerno  FC","Audero Cremonese fbref","https://fbref.com/en/search/search.fcgi?search=Audero%20Cremonese%20fbref","649b01d8","Emil Audero","https://fbref.com/en/players/649b01d8/Emil-Audero","confirmed","0.98","FBref","2026-06-05","V375","Nome listone cognome: associato a Emil Audero, Cremonese. Batch-03 verificato manualmente su FBref."
"258","batch-06","fc-7001","N'Dri","A","W/A","LEC","Lecce","7001","7","10","Prestige Worldwide","N'Dri Lecce fbref","https://fbref.com/en/search/search.fcgi?search=N'Dri%20Lecce%20fbref","","","","needs-review","","","","",""
"175","batch-04","fc-4436","Cambiaghi","A","A","BOL","Bologna","4436","12","10","Prestige Worldwide","Cambiaghi Bologna fbref","https://fbref.com/en/search/search.fcgi?search=Cambiaghi%20Bologna%20fbref","91ff775f","Nicolò Cambiaghi","https://fbref.com/en/players/91ff775f/Nicolo-Cambiaghi","confirmed","0.98","FBref","2026-06-05","V376","Nome listone cognome: associato a Nicolò Cambiaghi, Bologna; accento normalizzato nello slug. Batch-04 verificato manualmente su FBref."
"254","batch-06","fc-2531","Lukaku","A","Pc","NAP","Napoli","2531","15","10","River Plaid","Lukaku Napoli fbref","https://fbref.com/en/search/search.fcgi?search=Lukaku%20Napoli%20fbref","","","","needs-review","","","","",""
"259","batch-06","fc-479","Sanabria","A","Pc","CRE","Cremonese","479","4","10","real mappine","Sanabria Cremonese fbref","https://fbref.com/en/search/search.fcgi?search=Sanabria%20Cremonese%20fbref","","","","needs-review","","","","",""
"345","batch-07","fc-441","Belotti","A","Pc","CAG","Cagliari","441","5","10","Ac Milan","Belotti Cagliari fbref","https://fbref.com/en/search/search.fcgi?search=Belotti%20Cagliari%20fbref","","","","needs-review","","","","",""
"394","batch-08","fc-313","Morata","A","Pc","COM","Como","313","2","10","","Morata Como fbref","https://fbref.com/en/search/search.fcgi?search=Morata%20Como%20fbref","","","","needs-review","","","","",""
"313","batch-07","fc-7203","Jashari","C","C","MIL","Milan","7203","4","10","Ac Milan","Jashari Milan fbref","https://fbref.com/en/search/search.fcgi?search=Jashari%20Milan%20fbref","","","","needs-review","","","","",""
"370","batch-08","fc-7145","Piccinini G.","C","E/M","PIS","Pisa","7145","4","10","","Piccinini G Pisa fbref","https://fbref.com/en/search/search.fcgi?search=Piccinini%20G%20Pisa%20fbref","","","","needs-review","","","","",""
"214","batch-05","fc-6815","Fadera","C","W","SAS","Sassuolo","6815","8","10","Real Pisistrius","Fadera Sassuolo fbref","https://fbref.com/en/search/search.fcgi?search=Fadera%20Sassuolo%20fbref","","","","needs-review","","","","",""
"363","batch-08","fc-6575","Zaragoza","C","W/A","ROM","Roma","6575","4","10","FC DueFratelli2005","Zaragoza Roma fbref","https://fbref.com/en/search/search.fcgi?search=Zaragoza%20Roma%20fbref","","","","needs-review","","","","",""
"371","batch-08","fc-6458","Serdar","C","C","VER","Verona","6458","6","10","","Serdar Verona fbref","https://fbref.com/en/search/search.fcgi?search=Serdar%20Verona%20fbref","","","","needs-review","","","","",""
"283","batch-06","fc-6218","Oristanio","C","W/T/A","PAR","Parma","6218","4","10","FC DueFratelli2005","Oristanio Parma fbref","https://fbref.com/en/search/search.fcgi?search=Oristanio%20Parma%20fbref","","","","needs-review","","","","",""
"268","batch-06","fc-6024","Sulemana I.","C","M/C","CAG","Cagliari","6024","6","10","As Paperopoli","Sulemana I Cagliari fbref","https://fbref.com/en/search/search.fcgi?search=Sulemana%20I%20Cagliari%20fbref","","","","needs-review","","","","",""
"143","batch-03","fc-6020","Ellertsson","C","C/W","GEN","Genoa","6020","8","10","As Paperopoli","Ellertsson Genoa fbref","https://fbref.com/en/search/search.fcgi?search=Ellertsson%20Genoa%20fbref","c55967eb","Mikael Ellertsson","https://fbref.com/en/players/c55967eb/Mikael-Ellertsson","confirmed","0.98","FBref","2026-06-05","V375","Nome listone cognome: associato a Mikael Ellertsson, Genoa. Batch-03 verificato manualmente su FBref."
"320","batch-07","fc-6010","Fazzini","C","C/T","FIO","Fiorentina","6010","3","10","Afc Severgas Baronissi","Fazzini Fiorentina fbref","https://fbref.com/en/search/search.fcgi?search=Fazzini%20Fiorentina%20fbref","","","","needs-review","","","","",""
"381","batch-08","fc-5688","Harroui","C","W/T","VER","Verona","5688","4","10","","Harroui Verona fbref","https://fbref.com/en/search/search.fcgi?search=Harroui%20Verona%20fbref","","","","needs-review","","","","",""
"227","batch-05","fc-5318","Tramoni M.","C","W/T","PIS","Pisa","5318","6","10","Real Pisistrius","Tramoni M Pisa fbref","https://fbref.com/en/search/search.fcgi?search=Tramoni%20M%20Pisa%20fbref","","","","needs-review","","","","",""
"356","batch-08","fc-5286","Akpa Akpro","C","M/C","VER","Verona","5286","5","10","","Akpa Akpro Verona fbref","https://fbref.com/en/search/search.fcgi?search=Akpa%20Akpro%20Verona%20fbref","","","","needs-review","","","","",""
"301","batch-07","fc-2848","Frattesi","C","C/T","INT","Inter","2848","4","10","Prestige Worldwide","Frattesi Inter fbref","https://fbref.com/en/search/search.fcgi?search=Frattesi%20Inter%20fbref","","","","needs-review","","","","",""
"387","batch-08","fc-7268","Rodriguez Ju.","D","Ds/Dc","CAG","Cagliari","7268","4","10","","Rodriguez Ju Cagliari fbref","https://fbref.com/en/search/search.fcgi?search=Rodriguez%20Ju%20Cagliari%20fbref","","","","needs-review","","","","",""
"384","batch-08","fc-7253","Bella-Kotchap","D","Dc","VER","Verona","7253","3","10","","Bella-Kotchap Verona fbref","https://fbref.com/en/search/search.fcgi?search=Bella-Kotchap%20Verona%20fbref","","","","needs-review","","","","",""
"262","batch-06","fc-6916","Ahanor","D","B/Ds/E","ATA","Atalanta","6916","4","10","FC DueFratelli2005","Ahanor Atalanta fbref","https://fbref.com/en/search/search.fcgi?search=Ahanor%20Atalanta%20fbref","","","","needs-review","","","","",""
"379","batch-08","fc-6632","Gaspar K.","D","Dc","LEC","Lecce","6632","2","10","","Gaspar K Lecce fbref","https://fbref.com/en/search/search.fcgi?search=Gaspar%20K%20Lecce%20fbref","","","","needs-review","","","","",""
"200","batch-04","fc-6202","Beukema","D","Dc","NAP","Napoli","6202","10","10","Beetlejuice","Beukema Napoli fbref","https://fbref.com/en/search/search.fcgi?search=Beukema%20Napoli%20fbref","de13cee5","Sam Beukema","https://fbref.com/en/players/de13cee5/Sam-Beukema","confirmed","0.98","FBref","2026-06-05","V376","Nome listone cognome: associato a Sam Beukema, Napoli/Bologna. Batch-04 verificato manualmente su FBref."
"312","batch-07","fc-6047","Ehizibue","D","Dd/E","UDI","Udinese","6047","7","10","","Ehizibue Udinese fbref","https://fbref.com/en/search/search.fcgi?search=Ehizibue%20Udinese%20fbref","","","","needs-review","","","","",""
"216","batch-05","fc-6046","Hien","D","Dc","ATA","Atalanta","6046","6","10","Olympic Salerno  FC","Hien Atalanta fbref","https://fbref.com/en/search/search.fcgi?search=Hien%20Atalanta%20fbref","","","","needs-review","","","","",""
"318","batch-07","fc-6013","Barbieri","D","Dd/Ds/E","CRE","Cremonese","6013","6","10","","Barbieri Cremonese fbref","https://fbref.com/en/search/search.fcgi?search=Barbieri%20Cremonese%20fbref","","","","needs-review","","","","",""
"234","batch-05","fc-5851","Doig","D","Ds/E","SAS","Sassuolo","5851","4","10","Afc Severgas Baronissi","Doig Sassuolo fbref","https://fbref.com/en/search/search.fcgi?search=Doig%20Sassuolo%20fbref","","","","needs-review","","","","",""
"232","batch-05","fc-5739","De Winter","D","Dd/Dc","MIL","Milan","5739","6","10","As Paperopoli","De Winter Milan fbref","https://fbref.com/en/search/search.fcgi?search=De%20Winter%20Milan%20fbref","","","","needs-review","","","","",""
"248","batch-05","fc-5435","Moreno Alb.","D","Ds/E","COM","Como","5435","9","10","Afc Severgas Baronissi","Moreno Alb Como fbref","https://fbref.com/en/search/search.fcgi?search=Moreno%20Alb%20Como%20fbref","","","","needs-review","","","","",""
"329","batch-07","fc-5307","Valenti","D","Dc","PAR","Parma","5307","5","10","","Valenti Parma fbref","https://fbref.com/en/search/search.fcgi?search=Valenti%20Parma%20fbref","","","","needs-review","","","","",""
"198","batch-04","fc-4378","Ranieri L.","D","Ds/Dc","FIO","Fiorentina","4378","6","10","River Plaid","Ranieri L Fiorentina fbref","https://fbref.com/en/search/search.fcgi?search=Ranieri%20L%20Fiorentina%20fbref","8c63fae5","Luca Ranieri","https://fbref.com/en/players/8c63fae5/Luca-Ranieri","confirmed","0.98","FBref","2026-06-05","V376","Nome listone Ranieri L.: associato a Luca Ranieri, Fiorentina; omonimi esclusi. Batch-04 verificato manualmente su FBref."
"437","batch-09","fc-2653","Lykogiannis","D","Ds/E","BOL","Bologna","2653","2","10","","Lykogiannis Bologna fbref","https://fbref.com/en/search/search.fcgi?search=Lykogiannis%20Bologna%20fbref","","","","needs-review","","","","",""
"177","batch-04","fc-2273","Caracciolo A.","D","Dc","PIS","Pisa","2273","6","10","Beetlejuice","Caracciolo A Pisa fbref","https://fbref.com/en/search/search.fcgi?search=Caracciolo%20A%20Pisa%20fbref","99d8fc35","Antonio Caracciolo","https://fbref.com/en/players/99d8fc35/Antonio-Caracciolo","confirmed","0.98","FBref","2026-06-05","V376","Nome listone Caracciolo A.: associato ad Antonio Caracciolo, Pisa. Batch-04 verificato manualmente su FBref."
"409","batch-09","fc-791","Sabelli","D","Dd/Ds/E","GEN","Genoa","791","3","10","","Sabelli Genoa fbref","https://fbref.com/en/search/search.fcgi?search=Sabelli%20Genoa%20fbref","","","","needs-review","","","","",""
"314","batch-07","fc-770","Pezzella Giu.","D","Ds/E","CRE","Cremonese","770","4","10","","Pezzella Giu Cremonese fbref","https://fbref.com/en/search/search.fcgi?search=Pezzella%20Giu%20Cremonese%20fbref","","","","needs-review","","","","",""
"276","batch-06","fc-513","Acerbi","D","Dc","INT","Inter","513","5","10","Prestige Worldwide","Acerbi Inter fbref","https://fbref.com/en/search/search.fcgi?search=Acerbi%20Inter%20fbref","","","","needs-review","","","","",""
"426","batch-09","fc-327","Patric","D","Dd/Dc","LAZ","Lazio","327","3","10","","Patric Lazio fbref","https://fbref.com/en/search/search.fcgi?search=Patric%20Lazio%20fbref","","","","needs-review","","","","",""
"441","batch-09","fc-294","Rugani","D","Dc","FIO","Fiorentina","294","2","10","","Rugani Fiorentina fbref","https://fbref.com/en/search/search.fcgi?search=Rugani%20Fiorentina%20fbref","","","","needs-review","","","","",""
"368","batch-08","fc-256","Juan Jesus","D","Ds/Dc","NAP","Napoli","256","4","10","","Juan Jesus Napoli fbref","https://fbref.com/en/search/search.fcgi?search=Juan%20Jesus%20Napoli%20fbref","","","","needs-review","","","","",""
"229","batch-05","fc-7332","Bijlow","P","Por","GEN","Genoa","7332","10","10","River Plaid","Bijlow Genoa fbref","https://fbref.com/en/search/search.fcgi?search=Bijlow%20Genoa%20fbref","","","","needs-review","","","","",""
"284","batch-06","fc-218","Perin","P","Por","JUV","Juventus","218","8","10","As Paperopoli","Perin Juventus fbref","https://fbref.com/en/search/search.fcgi?search=Perin%20Juventus%20fbref","","","","needs-review","","","","",""
"337","batch-07","fc-7349","Kulenovic","A","Pc","TOR","Torino","7349","4","9","As Paperopoli","Kulenovic Torino fbref","https://fbref.com/en/search/search.fcgi?search=Kulenovic%20Torino%20fbref","","","","needs-review","","","","",""
"264","batch-06","fc-7316","Durosinmi","A","Pc","PIS","Pisa","7316","10","9","FC DueFratelli2005","Durosinmi Pisa fbref","https://fbref.com/en/search/search.fcgi?search=Durosinmi%20Pisa%20fbref","","","","needs-review","","","","",""
"286","batch-06","fc-7313","Ratkov","A","Pc","LAZ","Lazio","7313","9","9","Beetlejuice","Ratkov Lazio fbref","https://fbref.com/en/search/search.fcgi?search=Ratkov%20Lazio%20fbref","","","","needs-review","","","","",""
"293","batch-06","fc-7128","Kuhn","A","W/A","COM","Como","7128","5","9","As Paperopoli","Kuhn Como fbref","https://fbref.com/en/search/search.fcgi?search=Kuhn%20Como%20fbref","","","","needs-review","","","","",""
"291","batch-06","fc-7127","Addai","A","W/A","COM","Como","7127","6","9","FC DueFratelli2005","Addai Como fbref","https://fbref.com/en/search/search.fcgi?search=Addai%20Como%20fbref","","","","needs-review","","","","",""
"324","batch-07","fc-6836","Meister","A","Pc","PIS","Pisa","6836","5","9","","Meister Pisa fbref","https://fbref.com/en/search/search.fcgi?search=Meister%20Pisa%20fbref","","","","needs-review","","","","",""
"253","batch-06","fc-6643","Dallinga","A","Pc","BOL","Bologna","6643","6","9","As Paperopoli","Dallinga Bologna fbref","https://fbref.com/en/search/search.fcgi?search=Dallinga%20Bologna%20fbref","","","","needs-review","","","","",""
"221","batch-05","fc-5672","Dia","A","Pc","LAZ","Lazio","5672","6","9","Afc Severgas Baronissi","Dia Lazio fbref","https://fbref.com/en/search/search.fcgi?search=Dia%20Lazio%20fbref","","","","needs-review","","","","",""
"475","batch-10","fc-7246","Sala A.","C","C","LEC","Lecce","7246","1","9","","Sala A Lecce fbref","https://fbref.com/en/search/search.fcgi?search=Sala%20A%20Lecce%20fbref","","","","needs-review","","","","",""
"304","batch-07","fc-6984","Ondrejka","C","W/A","PAR","Parma","6984","3","9","Olympic Salerno  FC","Ondrejka Parma fbref","https://fbref.com/en/search/search.fcgi?search=Ondrejka%20Parma%20fbref","","","","needs-review","","","","",""
"344","batch-07","fc-6889","Anjorin","C","C/T","TOR","Torino","6889","2","9","As Paperopoli","Anjorin Torino fbref","https://fbref.com/en/search/search.fcgi?search=Anjorin%20Torino%20fbref","","","","needs-review","","","","",""
"245","batch-05","fc-6206","Fabbian","C","C/T","FIO","Fiorentina","6206","6","9","As Paperopoli","Fabbian Fiorentina fbref","https://fbref.com/en/search/search.fcgi?search=Fabbian%20Fiorentina%20fbref","","","","needs-review","","","","",""
"302","batch-07","fc-6170","Gineitis","C","C","TOR","Torino","6170","7","9","","Gineitis Torino fbref","https://fbref.com/en/search/search.fcgi?search=Gineitis%20Torino%20fbref","","","","needs-review","","","","",""
"277","batch-06","fc-6015","Berisha M.","C","C/T","LEC","Lecce","6015","7","9","real mappine","Berisha M Lecce fbref","https://fbref.com/en/search/search.fcgi?search=Berisha%20M%20Lecce%20fbref","","","","needs-review","","","","",""
"308","batch-07","fc-5998","Zerbin","C","E/W","CRE","Cremonese","5998","6","9","","Zerbin Cremonese fbref","https://fbref.com/en/search/search.fcgi?search=Zerbin%20Cremonese%20fbref","","","","needs-review","","","","",""
"338","batch-07","fc-5850","Lovric","C","C","VER","Verona","5850","3","9","River Plaid","Lovric Verona fbref","https://fbref.com/en/search/search.fcgi?search=Lovric%20Verona%20fbref","","","","needs-review","","","","",""
"428","batch-09","fc-5610","Vranckx","C","M/C","SAS","Sassuolo","5610","1","9","","Vranckx Sassuolo fbref","https://fbref.com/en/search/search.fcgi?search=Vranckx%20Sassuolo%20fbref","","","","needs-review","","","","",""
"408","batch-09","fc-5540","Niasse","C","M/C","VER","Verona","5540","2","9","","Niasse Verona fbref","https://fbref.com/en/search/search.fcgi?search=Niasse%20Verona%20fbref","","","","needs-review","","","","",""
"412","batch-09","fc-4890","Tameze","C","M/C","TOR","Torino","4890","1","9","","Tameze Torino fbref","https://fbref.com/en/search/search.fcgi?search=Tameze%20Torino%20fbref","","","","needs-review","","","","",""
"226","batch-05","fc-2839","Sottil","C","W/A","LEC","Lecce","2839","8","9","FC DueFratelli2005","Sottil Lecce fbref","https://fbref.com/en/search/search.fcgi?search=Sottil%20Lecce%20fbref","","","","needs-review","","","","",""
"463","batch-10","fc-7356","Mlacic","D","Dc","UDI","Udinese","7356","2","9","","Mlacic Udinese fbref","https://fbref.com/en/search/search.fcgi?search=Mlacic%20Udinese%20fbref","","","","needs-review","","","","",""
"433","batch-09","fc-7260","Ziolkowski","D","Dc","ROM","Roma","7260","2","9","","Ziolkowski Roma fbref","https://fbref.com/en/search/search.fcgi?search=Ziolkowski%20Roma%20fbref","","","","needs-review","","","","",""
"212","batch-05","fc-7211","Athekame","D","Dd/E","MIL","Milan","7211","11","9","Real Pisistrius","Athekame Milan fbref","https://fbref.com/en/search/search.fcgi?search=Athekame%20Milan%20fbref","","","","needs-review","","","","",""
"271","batch-06","fc-7125","Idrissi R.","D","Ds/E","CAG","Cagliari","7125","5","9","As Paperopoli","Idrissi R Cagliari fbref","https://fbref.com/en/search/search.fcgi?search=Idrissi%20R%20Cagliari%20fbref","","","","needs-review","","","","",""
"336","batch-07","fc-7069","Fortini","D","E","FIO","Fiorentina","7069","2","9","As Paperopoli","Fortini Fiorentina fbref","https://fbref.com/en/search/search.fcgi?search=Fortini%20Fiorentina%20fbref","","","","needs-review","","","","",""
"431","batch-09","fc-6977","Otoa","D","Dc","GEN","Genoa","6977","2","9","","Otoa Genoa fbref","https://fbref.com/en/search/search.fcgi?search=Otoa%20Genoa%20fbref","","","","needs-review","","","","",""
"299","batch-06","fc-6039","Cabal","D","B/Ds/E","JUV","Juventus","6039","6","9","real mappine","Cabal Juventus fbref","https://fbref.com/en/search/search.fcgi?search=Cabal%20Juventus%20fbref","","","","needs-review","","","","",""
"331","batch-07","fc-5820","Bertola","D","Dc","UDI","Udinese","5820","5","9","","Bertola Udinese fbref","https://fbref.com/en/search/search.fcgi?search=Bertola%20Udinese%20fbref","","","","needs-review","","","","",""
"434","batch-09","fc-5498","Casale","D","Dc","BOL","Bologna","5498","1","9","","Casale Bologna fbref","https://fbref.com/en/search/search.fcgi?search=Casale%20Bologna%20fbref","","","","needs-review","","","","",""
"178","batch-04","fc-4263","Kabasele","D","Dc","UDI","Udinese","4263","10","9","Beetlejuice","Kabasele Udinese fbref","https://fbref.com/en/search/search.fcgi?search=Kabasele%20Udinese%20fbref","914ab9a1","Christian Kabasele","https://fbref.com/en/players/914ab9a1/Christian-Kabasele","confirmed","0.98","FBref","2026-06-05","V376","Nome listone cognome: associato a Christian Kabasele, Udinese. Batch-04 verificato manualmente su FBref."
"351","batch-08","fc-2728","Pellegrini Lu.","D","Ds/E","LAZ","Lazio","2728","5","9","","Pellegrini Lu Lazio fbref","https://fbref.com/en/search/search.fcgi?search=Pellegrini%20Lu%20Lazio%20fbref","","","","needs-review","","","","",""
"385","batch-08","fc-2263","Lazzari","D","Dd/E","LAZ","Lazio","2263","3","9","","Lazzari Lazio fbref","https://fbref.com/en/search/search.fcgi?search=Lazzari%20Lazio%20fbref","","","","needs-review","","","","",""
"332","batch-07","fc-612","Bianchetti","D","Dc","CRE","Cremonese","612","4","9","","Bianchetti Cremonese fbref","https://fbref.com/en/search/search.fcgi?search=Bianchetti%20Cremonese%20fbref","","","","needs-review","","","","",""
"346","batch-07","fc-322","De Vrij","D","Dc","INT","Inter","322","3","9","Prestige Worldwide","De Vrij Inter fbref","https://fbref.com/en/search/search.fcgi?search=De%20Vrij%20Inter%20fbref","","","","needs-review","","","","",""
"180","batch-04","fc-5320","Paleari","P","Por","TOR","Torino","5320","9","9","Real Pisistrius","Paleari Torino fbref","https://fbref.com/en/search/search.fcgi?search=Paleari%20Torino%20fbref","94a3606c","Alberto Paleari","https://fbref.com/en/players/94a3606c/Alberto-Paleari","confirmed","0.98","FBref","2026-06-05","V376","Nome listone cognome: associato ad Alberto Paleari, Torino. Batch-04 verificato manualmente su FBref."
"333","batch-07","fc-7249","Buksa","A","Pc","UDI","Udinese","7249","7","8","","Buksa Udinese fbref","https://fbref.com/en/search/search.fcgi?search=Buksa%20Udinese%20fbref","","","","needs-review","","","","",""
"430","batch-09","fc-7183","Aboukhlal","A","A","TOR","Torino","7183","1","8","","Aboukhlal Torino fbref","https://fbref.com/en/search/search.fcgi?search=Aboukhlal%20Torino%20fbref","","","","needs-review","","","","",""
"112","batch-03","fc-7162","Giovane","A","A","NAP","Napoli","7162","13","8","Real Pisistrius","Giovane Napoli fbref","https://fbref.com/en/search/search.fcgi?search=Giovane%20Napoli%20fbref","1b567cdc","Giovane","https://fbref.com/en/players/1b567cdc/Giovane","confirmed","0.98","FBref","2026-06-05","V375","Nome listone Giovane: associato a Giovane Santana do Nascimento, Napoli. Batch-03 verificato manualmente su FBref."
"423","batch-09","fc-7161","Bayo V.","A","Pc","UDI","Udinese","7161","2","8","","Bayo V Udinese fbref","https://fbref.com/en/search/search.fcgi?search=Bayo%20V%20Udinese%20fbref","","","","needs-review","","","","",""
"417","batch-09","fc-6895","Dominguez B.","A","W/A","BOL","Bologna","6895","3","8","","Dominguez B Bologna fbref","https://fbref.com/en/search/search.fcgi?search=Dominguez%20B%20Bologna%20fbref","","","","needs-review","","","","",""
"188","batch-04","fc-6822","Ekhator","A","A","GEN","Genoa","6822","10","8","real mappine","Ekhator Genoa fbref","https://fbref.com/en/search/search.fcgi?search=Ekhator%20Genoa%20fbref","faf739d2","Jeff Ekhator","https://fbref.com/en/players/faf739d2/Jeff-Ekhator","confirmed","0.98","FBref","2026-06-05","V376","Nome listone cognome: associato a Jeff Ekhator, Genoa. Batch-04 verificato manualmente su FBref."
"244","batch-05","fc-6675","Dovbyk","A","Pc","ROM","Roma","6675","10","8","real mappine","Dovbyk Roma fbref","https://fbref.com/en/search/search.fcgi?search=Dovbyk%20Roma%20fbref","","","","needs-review","","","","",""
"395","batch-08","fc-6630","Mosquera","A","Pc","VER","Verona","6630","4","8","","Mosquera Verona fbref","https://fbref.com/en/search/search.fcgi?search=Mosquera%20Verona%20fbref","","","","needs-review","","","","",""
"300","batch-06","fc-6519","Camarda","A","Pc","LEC","Lecce","6519","2","8","Olympic Salerno  FC","Camarda Lecce fbref","https://fbref.com/en/search/search.fcgi?search=Camarda%20Lecce%20fbref","","","","needs-review","","","","",""
"305","batch-07","fc-6314","Openda","A","Pc","JUV","Juventus","6314","4","8","Afc Severgas Baronissi","Openda Juventus fbref","https://fbref.com/en/search/search.fcgi?search=Openda%20Juventus%20fbref","","","","needs-review","","","","",""
"327","batch-07","fc-6159","Sarr A.","A","A","VER","Verona","6159","4","8","","Sarr A Verona fbref","https://fbref.com/en/search/search.fcgi?search=Sarr%20A%20Verona%20fbref","","","","needs-review","","","","",""
"404","batch-09","fc-5471","Djuric","A","Pc","CRE","Cremonese","5471","5","8","","Djuric Cremonese fbref","https://fbref.com/en/search/search.fcgi?search=Djuric%20Cremonese%20fbref","","","","needs-review","","","","",""
"479","batch-10","fc-7276","Cremaschi","C","C","PAR","Parma","7276","1","8","","Cremaschi Parma fbref","https://fbref.com/en/search/search.fcgi?search=Cremaschi%20Parma%20fbref","","","","needs-review","","","","",""
"453","batch-10","fc-7254","Lorran","C","T","PIS","Pisa","7254","3","8","","Lorran Pisa fbref","https://fbref.com/en/search/search.fcgi?search=Lorran%20Pisa%20fbref","","","","needs-review","","","","",""
"436","batch-09","fc-7157","Iannoni","C","C","SAS","Sassuolo","7157","3","8","","Iannoni Sassuolo fbref","https://fbref.com/en/search/search.fcgi?search=Iannoni%20Sassuolo%20fbref","","","","needs-review","","","","",""
"386","batch-08","fc-7149","Marin M.","C","M/C","PIS","Pisa","7149","2","8","","Marin M Pisa fbref","https://fbref.com/en/search/search.fcgi?search=Marin%20M%20Pisa%20fbref","","","","needs-review","","","","",""
"446","batch-09","fc-7132","Collocolo","C","M/C","CRE","Cremonese","7132","2","8","","Collocolo Cremonese fbref","https://fbref.com/en/search/search.fcgi?search=Collocolo%20Cremonese%20fbref","","","","needs-review","","","","",""
"342","batch-07","fc-6481","Payero","C","C","CRE","Cremonese","6481","5","8","","Payero Cremonese fbref","https://fbref.com/en/search/search.fcgi?search=Payero%20Cremonese%20fbref","","","","needs-review","","","","",""
"348","batch-07","fc-6246","Lipani","C","M/C","SAS","Sassuolo","6246","6","8","","Lipani Sassuolo fbref","https://fbref.com/en/search/search.fcgi?search=Lipani%20Sassuolo%20fbref","","","","needs-review","","","","",""
"360","batch-08","fc-6005","Ilkhan","C","C/T","TOR","Torino","6005","7","8","","Ilkhan Torino fbref","https://fbref.com/en/search/search.fcgi?search=Ilkhan%20Torino%20fbref","","","","needs-review","","","","",""
"489","batch-10","fc-5561","Stengs","C","W/T","PIS","Pisa","5561","1","8","","Stengs Pisa fbref","https://fbref.com/en/search/search.fcgi?search=Stengs%20Pisa%20fbref","","","","needs-review","","","","",""
"359","batch-08","fc-5290","Estevez","C","M/C","PAR","Parma","5290","5","8","","Estevez Parma fbref","https://fbref.com/en/search/search.fcgi?search=Estevez%20Parma%20fbref","","","","needs-review","","","","",""
"450","batch-09","fc-5007","Ilic","C","C","TOR","Torino","5007","1","8","","Ilic Torino fbref","https://fbref.com/en/search/search.fcgi?search=Ilic%20Torino%20fbref","","","","needs-review","","","","",""
"373","batch-08","fc-4711","Kostic","C","E/W","JUV","Juventus","4711","9","8","","Kostic Juventus fbref","https://fbref.com/en/search/search.fcgi?search=Kostic%20Juventus%20fbref","","","","needs-review","","","","",""
"427","batch-09","fc-4459","Rovella","C","M/C","LAZ","Lazio","4459","2","8","","Rovella Lazio fbref","https://fbref.com/en/search/search.fcgi?search=Rovella%20Lazio%20fbref","","","","needs-review","","","","",""
"321","batch-07","fc-27","Grassi","C","M/C","CRE","Cremonese","27","5","8","","Grassi Cremonese fbref","https://fbref.com/en/search/search.fcgi?search=Grassi%20Cremonese%20fbref","","","","needs-review","","","","",""
"467","batch-10","fc-7335","Zatterstrom","D","Dc","GEN","Genoa","7335","3","8","","Zatterstrom Genoa fbref","https://fbref.com/en/search/search.fcgi?search=Zatterstrom%20Genoa%20fbref","","","","needs-review","","","","",""
"443","batch-09","fc-7325","Bozhinov","D","Dc","PIS","Pisa","7325","1","8","","Bozhinov Pisa fbref","https://fbref.com/en/search/search.fcgi?search=Bozhinov%20Pisa%20fbref","","","","needs-review","","","","",""
"230","batch-05","fc-7255","Britschgi","D","Dd/Ds/E","PAR","Parma","7255","4","8","FC DueFratelli2005","Britschgi Parma fbref","https://fbref.com/en/search/search.fcgi?search=Britschgi%20Parma%20fbref","","","","needs-review","","","","",""
"405","batch-09","fc-7130","Folino","D","Dc","CRE","Cremonese","7130","4","8","","Folino Cremonese fbref","https://fbref.com/en/search/search.fcgi?search=Folino%20Cremonese%20fbref","","","","needs-review","","","","",""
"382","batch-08","fc-6957","Valentini N.","D","Dc","VER","Verona","6957","3","8","","Valentini N Verona fbref","https://fbref.com/en/search/search.fcgi?search=Valentini%20N%20Verona%20fbref","","","","needs-review","","","","",""
"388","batch-08","fc-6896","Van Der Brempt","D","Dd/E","COM","Como","6896","5","8","","Van Der Brempt Como fbref","https://fbref.com/en/search/search.fcgi?search=Van%20Der%20Brempt%20Como%20fbref","","","","needs-review","","","","",""
"419","batch-09","fc-6809","Marianucci","D","Dc","TOR","Torino","6809","3","8","","Marianucci Torino fbref","https://fbref.com/en/search/search.fcgi?search=Marianucci%20Torino%20fbref","","","","needs-review","","","","",""
"389","batch-08","fc-6230","Dossena","D","Dc","CAG","Cagliari","6230","5","8","","Dossena Cagliari fbref","https://fbref.com/en/search/search.fcgi?search=Dossena%20Cagliari%20fbref","","","","needs-review","","","","",""
"402","batch-09","fc-6211","Zemura","D","Ds/E","UDI","Udinese","6211","3","8","","Zemura Udinese fbref","https://fbref.com/en/search/search.fcgi?search=Zemura%20Udinese%20fbref","","","","needs-review","","","","",""
"380","batch-08","fc-5831","Gatti","D","Dc","JUV","Juventus","5831","5","8","","Gatti Juventus fbref","https://fbref.com/en/search/search.fcgi?search=Gatti%20Juventus%20fbref","","","","needs-review","","","","",""
"239","batch-05","fc-5678","Holm","D","Dd/E","JUV","Juventus","5678","10","8","River Plaid","Holm Juventus fbref","https://fbref.com/en/search/search.fcgi?search=Holm%20Juventus%20fbref","","","","needs-review","","","","",""
"273","batch-06","fc-5578","Kossounou","D","Dd/Dc","ATA","Atalanta","5578","6","8","Afc Severgas Baronissi","Kossounou Atalanta fbref","https://fbref.com/en/search/search.fcgi?search=Kossounou%20Atalanta%20fbref","","","","needs-review","","","","",""
"418","batch-09","fc-5273","Estupinan","D","Ds/E","MIL","Milan","5273","2","8","","Estupinan Milan fbref","https://fbref.com/en/search/search.fcgi?search=Estupinan%20Milan%20fbref","","","","needs-review","","","","",""
"317","batch-07","fc-5168","Tsimikas","D","Ds/E","ROM","Roma","5168","3","8","real mappine","Tsimikas Roma fbref","https://fbref.com/en/search/search.fcgi?search=Tsimikas%20Roma%20fbref","","","","needs-review","","","","",""
"439","batch-09","fc-5156","Nkounkou","D","Ds/E","TOR","Torino","5156","2","8","","Nkounkou Torino fbref","https://fbref.com/en/search/search.fcgi?search=Nkounkou%20Torino%20fbref","","","","needs-review","","","","",""
"207","batch-05","fc-4665","Maripan","D","Dc","TOR","Torino","4665","8","8","River Plaid","Maripan Torino fbref","https://fbref.com/en/search/search.fcgi?search=Maripan%20Torino%20fbref","","","","needs-review","","","","",""
"330","batch-07","fc-4461","Zappa","D","B/Dd/E","CAG","Cagliari","4461","6","8","","Zappa Cagliari fbref","https://fbref.com/en/search/search.fcgi?search=Zappa%20Cagliari%20fbref","","","","needs-review","","","","",""
"435","batch-09","fc-2525","Darmian","D","B/Dd/E","INT","Inter","2525","3","8","","Darmian Inter fbref","https://fbref.com/en/search/search.fcgi?search=Darmian%20Inter%20fbref","","","","needs-review","","","","",""
"464","batch-10","fc-2279","Romagna","D","Dc","SAS","Sassuolo","2279","1","8","","Romagna Sassuolo fbref","https://fbref.com/en/search/search.fcgi?search=Romagna%20Sassuolo%20fbref","","","","needs-review","","","","",""
"375","batch-08","fc-697","Cuadrado","D","E","PIS","Pisa","697","5","8","","Cuadrado Pisa fbref","https://fbref.com/en/search/search.fcgi?search=Cuadrado%20Pisa%20fbref","","","","needs-review","","","","",""
"425","batch-09","fc-487","De Silvestri","D","Dd/E","BOL","Bologna","487","3","8","","De Silvestri Bologna fbref","https://fbref.com/en/search/search.fcgi?search=De%20Silvestri%20Bologna%20fbref","","","","needs-review","","","","",""
"442","batch-09","fc-388","Albiol","D","Dc","PIS","Pisa","388","1","8","","Albiol Pisa fbref","https://fbref.com/en/search/search.fcgi?search=Albiol%20Pisa%20fbref","","","","needs-review","","","","",""
"307","batch-07","fc-6641","Suzuki","P","Por","PAR","Parma","6641","11","8","","Suzuki Parma fbref","https://fbref.com/en/search/search.fcgi?search=Suzuki%20Parma%20fbref","","","","needs-review","","","","",""
"410","batch-09","fc-7344","Stojilkovic","A","Pc","PIS","Pisa","7344","4","7","","Stojilkovic Pisa fbref","https://fbref.com/en/search/search.fcgi?search=Stojilkovic%20Pisa%20fbref","","","","needs-review","","","","",""
"205","batch-05","fc-7199","Kilicsoy","A","A","CAG","Cagliari","7199","13","7","FC DueFratelli2005","Kilicsoy Cagliari fbref","https://fbref.com/en/search/search.fcgi?search=Kilicsoy%20Cagliari%20fbref","","","","needs-review","","","","",""
"422","batch-09","fc-6207","Almqvist","A","W/A","PAR","Parma","6207","3","7","","Almqvist Parma fbref","https://fbref.com/en/search/search.fcgi?search=Almqvist%20Parma%20fbref","","","","needs-review","","","","",""
"219","batch-05","fc-5918","Sulemana K.","A","A","ATA","Atalanta","5918","9","7","Real Pisistrius","Sulemana K Atalanta fbref","https://fbref.com/en/search/search.fcgi?search=Sulemana%20K%20Atalanta%20fbref","","","","needs-review","","","","",""
"440","batch-09","fc-247","Pavoletti","A","Pc","CAG","Cagliari","247","3","7","","Pavoletti Cagliari fbref","https://fbref.com/en/search/search.fcgi?search=Pavoletti%20Cagliari%20fbref","","","","needs-review","","","","",""
"393","batch-08","fc-7147","Hojholt","C","M/C","PIS","Pisa","7147","3","7","","Hojholt Pisa fbref","https://fbref.com/en/search/search.fcgi?search=Hojholt%20Pisa%20fbref","","","","needs-review","","","","",""
"457","batch-10","fc-7036","Bakola","C","C/T","SAS","Sassuolo","7036","2","7","","Bakola Sassuolo fbref","https://fbref.com/en/search/search.fcgi?search=Bakola%20Sassuolo%20fbref","","","","needs-review","","","","",""
"415","batch-09","fc-7010","Al-Musrati","C","M/C","VER","Verona","7010","2","7","","Al-Musrati Verona fbref","https://fbref.com/en/search/search.fcgi?search=Al-Musrati%20Verona%20fbref","","","","needs-review","","","","",""
"362","batch-08","fc-6917","Masini","C","M/C","GEN","Genoa","6917","5","7","","Masini Genoa fbref","https://fbref.com/en/search/search.fcgi?search=Masini%20Genoa%20fbref","","","","needs-review","","","","",""
"378","batch-08","fc-6640","Felici","C","W","CAG","Cagliari","6640","7","7","","Felici Cagliari fbref","https://fbref.com/en/search/search.fcgi?search=Felici%20Cagliari%20fbref","","","","needs-review","","","","",""
"416","batch-09","fc-6191","Belahyane","C","M/C","LAZ","Lazio","6191","3","7","","Belahyane Lazio fbref","https://fbref.com/en/search/search.fcgi?search=Belahyane%20Lazio%20fbref","","","","needs-review","","","","",""
"372","batch-08","fc-5872","Helgason","C","C/T","LEC","Lecce","5872","2","7","real mappine","Helgason Lecce fbref","https://fbref.com/en/search/search.fcgi?search=Helgason%20Lecce%20fbref","","","","needs-review","","","","",""
"449","batch-09","fc-7326","Helland","D","Dd/Dc","BOL","Bologna","7326","2","7","","Helland Bologna fbref","https://fbref.com/en/search/search.fcgi?search=Helland%20Bologna%20fbref","","","","needs-review","","","","",""
"438","batch-09","fc-7182","Ndaba","D","Ds/E","LEC","Lecce","7182","1","7","","Ndaba Lecce fbref","https://fbref.com/en/search/search.fcgi?search=Ndaba%20Lecce%20fbref","","","","needs-review","","","","",""
"289","batch-06","fc-7068","Vitik","D","Dc","BOL","Bologna","7068","4","7","As Paperopoli","Vitik Bologna fbref","https://fbref.com/en/search/search.fcgi?search=Vitik%20Bologna%20fbref","","","","needs-review","","","","",""
"455","batch-10","fc-7011","Slotsager","D","Dc","VER","Verona","7011","2","7","","Slotsager Verona fbref","https://fbref.com/en/search/search.fcgi?search=Slotsager%20Verona%20fbref","","","","needs-review","","","","",""
"377","batch-08","fc-5994","Ebosse","D","Ds/Dc","TOR","Torino","5994","5","7","","Ebosse Torino fbref","https://fbref.com/en/search/search.fcgi?search=Ebosse%20Torino%20fbref","","","","needs-review","","","","",""
"420","batch-09","fc-5481","Mazzocchi","D","Dd/Ds/E","NAP","Napoli","5481","4","7","","Mazzocchi Napoli fbref","https://fbref.com/en/search/search.fcgi?search=Mazzocchi%20Napoli%20fbref","","","","needs-review","","","","",""
"309","batch-07","fc-4772","Angelino","D","E","ROM","Roma","4772","7","7","Ac Milan","Angelino Roma fbref","https://fbref.com/en/search/search.fcgi?search=Angelino%20Roma%20fbref","","","","needs-review","","","","",""
"452","batch-10","fc-2006","Lirola","D","B/Dd/E","VER","Verona","2006","2","7","","Lirola Verona fbref","https://fbref.com/en/search/search.fcgi?search=Lirola%20Verona%20fbref","","","","needs-review","","","","",""
"445","batch-09","fc-1891","Ceccherini","D","Dd/Dc","CRE","Cremonese","1891","1","7","","Ceccherini Cremonese fbref","https://fbref.com/en/search/search.fcgi?search=Ceccherini%20Cremonese%20fbref","","","","needs-review","","","","",""
"500","batch-10","fc-7345","Przyborek","C","W/T","LAZ","Lazio","7345","1","6","","Przyborek Lazio fbref","https://fbref.com/en/search/search.fcgi?search=Przyborek%20Lazio%20fbref","","","","needs-review","","","","",""
"481","batch-10","fc-7319","Fofana Sa.","C","M/C","LEC","Lecce","7319","1","6","","Fofana Sa Lecce fbref","https://fbref.com/en/search/search.fcgi?search=Fofana%20Sa%20Lecce%20fbref","","","","needs-review","","","","",""
"470","batch-10","fc-7165","Liteta","C","M/C","CAG","Cagliari","7165","1","6","","Liteta Cagliari fbref","https://fbref.com/en/search/search.fcgi?search=Liteta%20Cagliari%20fbref","","","","needs-review","","","","",""
"414","batch-09","fc-7150","Vural","C","C","PIS","Pisa","7150","3","6","","Vural Pisa fbref","https://fbref.com/en/search/search.fcgi?search=Vural%20Pisa%20fbref","","","","needs-review","","","","",""
"429","batch-09","fc-6212","Zarraga","C","M/C","UDI","Udinese","6212","3","6","","Zarraga Udinese fbref","https://fbref.com/en/search/search.fcgi?search=Zarraga%20Udinese%20fbref","","","","needs-review","","","","",""
"460","batch-10","fc-7222","Cham","D","Dd/Ds/E","VER","Verona","7222","2","6","","Cham Verona fbref","https://fbref.com/en/search/search.fcgi?search=Cham%20Verona%20fbref","","","","needs-review","","","","",""
"357","batch-08","fc-2745","Calabresi","D","B/Dd/E","PIS","Pisa","2745","3","6","","Calabresi Pisa fbref","https://fbref.com/en/search/search.fcgi?search=Calabresi%20Pisa%20fbref","","","","needs-review","","","","",""
"493","batch-10","fc-418","Goldaniga","D","Dc","COM","Como","418","1","6","","Goldaniga Como fbref","https://fbref.com/en/search/search.fcgi?search=Goldaniga%20Como%20fbref","","","","needs-review","","","","",""
"147","batch-03","fc-4236","Muric","P","Por","SAS","Sassuolo","4236","10","6","As Paperopoli","Muric Sassuolo fbref","https://fbref.com/en/search/search.fcgi?search=Muric%20Sassuolo%20fbref","99aa1a84","Arijanet Muric","https://fbref.com/en/players/99aa1a84/Arijanet-Muric","confirmed","0.98","FBref","2026-06-05","V375","Nome listone Muric: associato a Arijanet Muric, Sassuolo. Batch-03 verificato manualmente su FBref."
"391","batch-08","fc-7213","Frigan","A","Pc","PAR","Parma","7213","1","5","FC DueFratelli2005","Frigan Parma fbref","https://fbref.com/en/search/search.fcgi?search=Frigan%20Parma%20fbref","","","","needs-review","","","","",""
"454","batch-10","fc-6555","Moumbagna","A","Pc","CRE","Cremonese","6555","2","5","","Moumbagna Cremonese fbref","https://fbref.com/en/search/search.fcgi?search=Moumbagna%20Cremonese%20fbref","","","","needs-review","","","","",""
"369","batch-08","fc-5515","Okereke","A","A","CRE","Cremonese","5515","10","5","","Okereke Cremonese fbref","https://fbref.com/en/search/search.fcgi?search=Okereke%20Cremonese%20fbref","","","","needs-review","","","","",""
"485","batch-10","fc-2012","Milik","A","Pc","JUV","Juventus","2012","1","5","","Milik Juventus fbref","https://fbref.com/en/search/search.fcgi?search=Milik%20Juventus%20fbref","","","","needs-review","","","","",""
"496","batch-10","fc-7357","Lahdo","C","C/T","COM","Como","7357","1","5","","Lahdo Como fbref","https://fbref.com/en/search/search.fcgi?search=Lahdo%20Como%20fbref","","","","needs-review","","","","",""
"361","batch-08","fc-5457","Maleh","C","M/C","CRE","Cremonese","5457","5","5","","Maleh Cremonese fbref","https://fbref.com/en/search/search.fcgi?search=Maleh%20Cremonese%20fbref","","","","needs-review","","","","",""
"447","batch-09","fc-4677","Cornet","C","W","GEN","Genoa","4677","2","5","","Cornet Genoa fbref","https://fbref.com/en/search/search.fcgi?search=Cornet%20Genoa%20fbref","","","","needs-review","","","","",""
"497","batch-10","fc-7271","Odogu","D","Dc","MIL","Milan","7271","1","5","","Odogu Milan fbref","https://fbref.com/en/search/search.fcgi?search=Odogu%20Milan%20fbref","","","","needs-review","","","","",""
"340","batch-07","fc-7202","Ndiaye","D","Dc","PAR","Parma","7202","2","5","Real Pisistrius","Ndiaye Parma fbref","https://fbref.com/en/search/search.fcgi?search=Ndiaye%20Parma%20fbref","","","","needs-review","","","","",""
"444","batch-09","fc-6985","Candè","D","Ds/Dc","SAS","Sassuolo","6985","1","5","","Candè Sassuolo fbref","https://fbref.com/en/search/search.fcgi?search=Cand%C3%A8%20Sassuolo%20fbref","","","","needs-review","","","","",""
"448","batch-09","fc-6870","Faye","D","Dc","CRE","Cremonese","6870","1","5","","Faye Cremonese fbref","https://fbref.com/en/search/search.fcgi?search=Faye%20Cremonese%20fbref","","","","needs-review","","","","",""
"424","batch-09","fc-252","Biraghi","D","Ds/E","TOR","Torino","252","2","5","","Biraghi Torino fbref","https://fbref.com/en/search/search.fcgi?search=Biraghi%20Torino%20fbref","","","","needs-review","","","","",""
"231","batch-05","fc-6662","Corvi","P","Por","PAR","Parma","6662","9","5","As Paperopoli","Corvi Parma fbref","https://fbref.com/en/search/search.fcgi?search=Corvi%20Parma%20fbref","","","","needs-review","","","","",""
"105","batch-03","fc-4957","Montipò","P","Por","VER","Verona","4957","12","5","Ac Milan","Montipò Verona fbref","https://fbref.com/en/search/search.fcgi?search=Montip%C3%B2%20Verona%20fbref","c1d95617","Lorenzo Montipò","https://fbref.com/en/players/c1d95617/Lorenzo-Montipo","confirmed","0.98","FBref","2026-06-05","V375","Nome listone Montipò: associato a Lorenzo Montipò, Verona. Batch-03 verificato manualmente su FBref."
"401","batch-09","fc-4867","Turati","P","Por","SAS","Sassuolo","4867","8","5","","Turati Sassuolo fbref","https://fbref.com/en/search/search.fcgi?search=Turati%20Sassuolo%20fbref","","","","needs-review","","","","",""
"398","batch-08","fc-6827","Njie","A","A","TOR","Torino","6827","6","4","","Njie Torino fbref","https://fbref.com/en/search/search.fcgi?search=Njie%20Torino%20fbref","","","","needs-review","","","","",""
"486","batch-10","fc-6538","Onana J.","C","M/C","GEN","Genoa","6538","1","4","","Onana J Genoa fbref","https://fbref.com/en/search/search.fcgi?search=Onana%20J%20Genoa%20fbref","","","","needs-review","","","","",""
"468","batch-10","fc-6219","Boloca","C","M/C","SAS","Sassuolo","6219","2","4","","Boloca Sassuolo fbref","https://fbref.com/en/search/search.fcgi?search=Boloca%20Sassuolo%20fbref","","","","needs-review","","","","",""
"474","batch-10","fc-5788","Sabiri","C","T","FIO","Fiorentina","5788","2","4","","Sabiri Fiorentina fbref","https://fbref.com/en/search/search.fcgi?search=Sabiri%20Fiorentina%20fbref","","","","needs-review","","","","",""
"458","batch-10","fc-7377","Balbo","D","Ds/E","FIO","Fiorentina","7377","2","4","","Balbo Fiorentina fbref","https://fbref.com/en/search/search.fcgi?search=Balbo%20Fiorentina%20fbref","","","","needs-review","","","","",""
"480","batch-10","fc-7196","Denoon","D","Dc","PIS","Pisa","7196","1","4","","Denoon Pisa fbref","https://fbref.com/en/search/search.fcgi?search=Denoon%20Pisa%20fbref","","","","needs-review","","","","",""
"461","batch-10","fc-7140","Coppola F.","D","Dc","PIS","Pisa","7140","1","4","","Coppola F Pisa fbref","https://fbref.com/en/search/search.fcgi?search=Coppola%20F%20Pisa%20fbref","","","","needs-review","","","","",""
"421","batch-09","fc-6992","Oyegoke","D","B/Dd/E","VER","Verona","6992","4","4","","Oyegoke Verona fbref","https://fbref.com/en/search/search.fcgi?search=Oyegoke%20Verona%20fbref","","","","needs-review","","","","",""
"374","batch-08","fc-6665","Coulibaly W.","D","Dd/Ds/E","SAS","Sassuolo","6665","4","4","","Coulibaly W Sassuolo fbref","https://fbref.com/en/search/search.fcgi?search=Coulibaly%20W%20Sassuolo%20fbref","","","","needs-review","","","","",""
"459","batch-10","fc-6149","Carboni F.","D","Ds/E","PAR","Parma","6149","3","4","","Carboni F Parma fbref","https://fbref.com/en/search/search.fcgi?search=Carboni%20F%20Parma%20fbref","","","","needs-review","","","","",""
"483","batch-10","fc-140","Hysaj","D","Dd/Ds/E","LAZ","Lazio","140","1","4","","Hysaj Lazio fbref","https://fbref.com/en/search/search.fcgi?search=Hysaj%20Lazio%20fbref","","","","needs-review","","","","",""
"473","batch-10","fc-7353","Pedro Felipe","D","Dc","SAS","Sassuolo","7353","3","3","","Pedro Felipe Sassuolo fbref","https://fbref.com/en/search/search.fcgi?search=Pedro%20Felipe%20Sassuolo%20fbref","","","","needs-review","","","","",""
"520","batch-11","fc-7156","Pieragnolo","D","Ds/E","SAS","Sassuolo","7156","1","3","","Pieragnolo Sassuolo fbref","https://fbref.com/en/search/search.fcgi?search=Pieragnolo%20Sassuolo%20fbref","","","","needs-review","","","","",""
"462","batch-10","fc-6883","Jean","D","Dc","LEC","Lecce","6883","2","3","","Jean Lecce fbref","https://fbref.com/en/search/search.fcgi?search=Jean%20Lecce%20fbref","","","","needs-review","","","","",""
"513","batch-11","fc-5899","Gigot","D","Dc","LAZ","Lazio","5899","1","3","","Gigot Lazio fbref","https://fbref.com/en/search/search.fcgi?search=Gigot%20Lazio%20fbref","","","","needs-review","","","","",""
"328","batch-07","fc-2861","Semper","P","Por","PIS","Pisa","2861","7","3","","Semper Pisa fbref","https://fbref.com/en/search/search.fcgi?search=Semper%20Pisa%20fbref","","","","needs-review","","","","",""
"296","batch-06","fc-2722","Ravaglia F.","P","Por","BOL","Bologna","2722","4","3","Prestige Worldwide","Ravaglia F Bologna fbref","https://fbref.com/en/search/search.fcgi?search=Ravaglia%20F%20Bologna%20fbref","","","","needs-review","","","","",""
"515","batch-11","fc-6645","Marchwinski","C","T","LEC","Lecce","6645","1","2","","Marchwinski Lecce fbref","https://fbref.com/en/search/search.fcgi?search=Marchwinski%20Lecce%20fbref","","","","needs-review","","","","",""
"499","batch-10","fc-7164","Perez M.","D","Dd/Dc","LEC","Lecce","7164","1","2","","Perez M Lecce fbref","https://fbref.com/en/search/search.fcgi?search=Perez%20M%20Lecce%20fbref","","","","needs-review","","","","",""
"432","batch-09","fc-7172","Pessina Mas.","P","Por","BOL","Bologna","7172","6","2","","Pessina Mas Bologna fbref","https://fbref.com/en/search/search.fcgi?search=Pessina%20Mas%20Bologna%20fbref","","","","needs-review","","","","",""
"516","batch-11","fc-7388","Mosconi","A","A","INT","Inter","7388","1","1","","Mosconi Inter fbref","https://fbref.com/en/search/search.fcgi?search=Mosconi%20Inter%20fbref","","","","needs-review","","","","",""
"484","batch-10","fc-7381","Mikolajewski","A","Pc","PAR","Parma","7381","2","1","","Mikolajewski Parma fbref","https://fbref.com/en/search/search.fcgi?search=Mikolajewski%20Parma%20fbref","","","","needs-review","","","","",""
"504","batch-11","fc-7368","Vermesan","A","Pc","VER","Verona","7368","1","1","","Vermesan Verona fbref","https://fbref.com/en/search/search.fcgi?search=Vermesan%20Verona%20fbref","","","","needs-review","","","","",""
"476","batch-10","fc-7338","Albarracin","A","A","CAG","Cagliari","7338","2","1","","Albarracin Cagliari fbref","https://fbref.com/en/search/search.fcgi?search=Albarracin%20Cagliari%20fbref","","","","needs-review","","","","",""
"490","batch-10","fc-7317","Trepy","A","Pc","CAG","Cagliari","7317","1","1","","Trepy Cagliari fbref","https://fbref.com/en/search/search.fcgi?search=Trepy%20Cagliari%20fbref","","","","needs-review","","","","",""
"494","batch-10","fc-7309","Isaac","A","Pc","VER","Verona","7309","1","1","","Isaac Verona fbref","https://fbref.com/en/search/search.fcgi?search=Isaac%20Verona%20fbref","","","","needs-review","","","","",""
"491","batch-10","fc-7277","Arena A.","A","Pc","ROM","Roma","7277","1","1","","Arena A Roma fbref","https://fbref.com/en/search/search.fcgi?search=Arena%20A%20Roma%20fbref","","","","needs-review","","","","",""
"392","batch-08","fc-7272","Gueye","A","Pc","UDI","Udinese","7272","5","1","","Gueye Udinese fbref","https://fbref.com/en/search/search.fcgi?search=Gueye%20Udinese%20fbref","","","","needs-review","","","","",""
"505","batch-11","fc-7262","Balentien","A","A","MIL","Milan","7262","1","1","","Balentien Milan fbref","https://fbref.com/en/search/search.fcgi?search=Balentien%20Milan%20fbref","","","","needs-review","","","","",""
"477","batch-10","fc-7239","Braschi","A","Pc","FIO","Fiorentina","7239","2","1","","Braschi Fiorentina fbref","https://fbref.com/en/search/search.fcgi?search=Braschi%20Fiorentina%20fbref","","","","needs-review","","","","",""
"471","batch-10","fc-7158","Moro L.","A","Pc","SAS","Sassuolo","7158","1","1","","Moro L Sassuolo fbref","https://fbref.com/en/search/search.fcgi?search=Moro%20L%20Sassuolo%20fbref","","","","needs-review","","","","",""
"397","batch-08","fc-7322","Ngom","C","M/C","LEC","Lecce","7322","5","1","","Ngom Lecce fbref","https://fbref.com/en/search/search.fcgi?search=Ngom%20Lecce%20fbref","","","","needs-review","","","","",""
"482","batch-10","fc-7248","Gorter","C","M/C","LEC","Lecce","7248","2","1","","Gorter Lecce fbref","https://fbref.com/en/search/search.fcgi?search=Gorter%20Lecce%20fbref","","","","needs-review","","","","",""
"383","batch-08","fc-6677","Adzic","C","C/T","JUV","Juventus","6677","1","1","Afc Severgas Baronissi","Adzic Juventus fbref","https://fbref.com/en/search/search.fcgi?search=Adzic%20Juventus%20fbref","","","","needs-review","","","","",""
"522","batch-11","fc-7346","Raterink","D","Dd/E","CAG","Cagliari","7346","1","1","","Raterink Cagliari fbref","https://fbref.com/en/search/search.fcgi?search=Raterink%20Cagliari%20fbref","","","","needs-review","","","","",""
"456","batch-10","fc-7312","Arizala","D","Ds/E","UDI","Udinese","7312","2","1","","Arizala Udinese fbref","https://fbref.com/en/search/search.fcgi?search=Arizala%20Udinese%20fbref","","","","needs-review","","","","",""
"495","batch-10","fc-7238","Kouadio","D","Dc","FIO","Fiorentina","7238","1","1","","Kouadio Fiorentina fbref","https://fbref.com/en/search/search.fcgi?search=Kouadio%20Fiorentina%20fbref","","","","needs-review","","","","",""
"512","batch-11","fc-7383","Giacomone","P","Por","LAZ","Lazio","7383","1","1","","Giacomone Lazio fbref","https://fbref.com/en/search/search.fcgi?search=Giacomone%20Lazio%20fbref","","","","needs-review","","","","",""
"519","batch-11","fc-7382","Pannozzo","P","Por","LAZ","Lazio","7382","1","1","","Pannozzo Lazio fbref","https://fbref.com/en/search/search.fcgi?search=Pannozzo%20Lazio%20fbref","","","","needs-review","","","","",""
"528","batch-11","fc-7363","Siviero","P","Por","TOR","Torino","7363","1","1","","Siviero Torino fbref","https://fbref.com/en/search/search.fcgi?search=Siviero%20Torino%20fbref","","","","needs-review","","","","",""
"530","batch-11","fc-7301","Tornqvist","P","Por","COM","Como","7301","1","1","","Tornqvist Como fbref","https://fbref.com/en/search/search.fcgi?search=Tornqvist%20Como%20fbref","","","","needs-review","","","","",""
"510","batch-11","fc-7285","Ferrante","P","Por","NAP","Napoli","7285","1","1","","Ferrante Napoli fbref","https://fbref.com/en/search/search.fcgi?search=Ferrante%20Napoli%20fbref","","","","needs-review","","","","",""
"507","batch-11","fc-7261","Cavlina","P","Por","COM","Como","7261","1","1","","Cavlina Como fbref","https://fbref.com/en/search/search.fcgi?search=Cavlina%20Como%20fbref","","","","needs-review","","","","",""
"529","batch-11","fc-7236","Toniolo","P","Por","VER","Verona","7236","1","1","","Toniolo Verona fbref","https://fbref.com/en/search/search.fcgi?search=Toniolo%20Verona%20fbref","","","","needs-review","","","","",""
"518","batch-11","fc-7185","Nunziante","P","Por","UDI","Udinese","7185","1","1","","Nunziante Udinese fbref","https://fbref.com/en/search/search.fcgi?search=Nunziante%20Udinese%20fbref","","","","needs-review","","","","",""
"367","batch-08","fc-7179","Israel","P","Por","TOR","Torino","7179","1","1","Real Pisistrius","Israel Torino fbref","https://fbref.com/en/search/search.fcgi?search=Israel%20Torino%20fbref","","","","needs-review","","","","",""
"532","batch-11","fc-7169","Zelezny","P","Por","ROM","Roma","7169","1","1","","Zelezny Roma fbref","https://fbref.com/en/search/search.fcgi?search=Zelezny%20Roma%20fbref","","","","needs-review","","","","",""
"506","batch-11","fc-7042","Calligaris","P","Por","INT","Inter","7042","1","1","","Calligaris Inter fbref","https://fbref.com/en/search/search.fcgi?search=Calligaris%20Inter%20fbref","","","","needs-review","","","","",""
"527","batch-11","fc-6991","Siegrist","P","Por","GEN","Genoa","6991","1","1","","Siegrist Genoa fbref","https://fbref.com/en/search/search.fcgi?search=Siegrist%20Genoa%20fbref","","","","needs-review","","","","",""
"465","batch-10","fc-6842","Sava","P","Por","UDI","Udinese","6842","1","1","","Sava Udinese fbref","https://fbref.com/en/search/search.fcgi?search=Sava%20Udinese%20fbref","","","","needs-review","","","","",""
"413","batch-09","fc-6813","Torriani","P","Por","MIL","Milan","6813","1","1","real mappine","Torriani Milan fbref","https://fbref.com/en/search/search.fcgi?search=Torriani%20Milan%20fbref","","","","needs-review","","","","",""
"526","batch-11","fc-6650","Sherri","P","Por","CAG","Cagliari","6650","1","1","","Sherri Cagliari fbref","https://fbref.com/en/search/search.fcgi?search=Sherri%20Cagliari%20fbref","","","","needs-review","","","","",""
"524","batch-11","fc-6523","Samooja","P","Por","LEC","Lecce","6523","1","1","","Samooja Lecce fbref","https://fbref.com/en/search/search.fcgi?search=Samooja%20Lecce%20fbref","","","","needs-review","","","","",""
"517","batch-11","fc-6505","Nava","P","Por","CRE","Cremonese","6505","1","1","","Nava Cremonese fbref","https://fbref.com/en/search/search.fcgi?search=Nava%20Cremonese%20fbref","","","","needs-review","","","","",""
"469","batch-10","fc-6417","Furlanetto","P","Por","LAZ","Lazio","6417","3","1","","Furlanetto Lazio fbref","https://fbref.com/en/search/search.fcgi?search=Furlanetto%20Lazio%20fbref","","","","needs-review","","","","",""
"478","batch-10","fc-6403","Christensen O.","P","Por","FIO","Fiorentina","6403","2","1","","Christensen O Fiorentina fbref","https://fbref.com/en/search/search.fcgi?search=Christensen%20O%20Fiorentina%20fbref","","","","needs-review","","","","",""
"501","batch-11","fc-5338","Rinaldi","P","Por","PAR","Parma","5338","1","1","","Rinaldi Parma fbref","https://fbref.com/en/search/search.fcgi?search=Rinaldi%20Parma%20fbref","","","","needs-review","","","","",""
"349","batch-07","fc-5116","Martinez Jo.","P","Por","INT","Inter","5116","5","1","Afc Severgas Baronissi","Martinez Jo Inter fbref","https://fbref.com/en/search/search.fcgi?search=Martinez%20Jo%20Inter%20fbref","","","","needs-review","","","","",""
"508","batch-11","fc-4929","Ciocci","P","Por","CAG","Cagliari","4929","1","1","","Ciocci Cagliari fbref","https://fbref.com/en/search/search.fcgi?search=Ciocci%20Cagliari%20fbref","","","","needs-review","","","","",""
"509","batch-11","fc-2845","Contini","P","Por","NAP","Napoli","2845","1","1","","Contini Napoli fbref","https://fbref.com/en/search/search.fcgi?search=Contini%20Napoli%20fbref","","","","needs-review","","","","",""
"400","batch-08","fc-2815","Terracciano","P","Por","MIL","Milan","2815","1","1","real mappine","Terracciano Milan fbref","https://fbref.com/en/search/search.fcgi?search=Terracciano%20Milan%20fbref","","","","needs-review","","","","",""
"531","batch-11","fc-2809","Vigorito","P","Por","COM","Como","2809","1","1","","Vigorito Como fbref","https://fbref.com/en/search/search.fcgi?search=Vigorito%20Como%20fbref","","","","needs-review","","","","",""
"511","batch-11","fc-2401","Fruchtl","P","Por","LEC","Lecce","2401","1","1","","Fruchtl Lecce fbref","https://fbref.com/en/search/search.fcgi?search=Fruchtl%20Lecce%20fbref","","","","needs-review","","","","",""
"523","batch-11","fc-2297","Rossi F.","P","Por","ATA","Atalanta","2297","1","1","","Rossi F Atalanta fbref","https://fbref.com/en/search/search.fcgi?search=Rossi%20F%20Atalanta%20fbref","","","","needs-review","","","","",""
"472","batch-10","fc-2271","Nicolas","P","Por","PIS","Pisa","2271","1","1","","Nicolas Pisa fbref","https://fbref.com/en/search/search.fcgi?search=Nicolas%20Pisa%20fbref","","","","needs-review","","","","",""
"488","batch-10","fc-2211","Silvestri","P","Por","CRE","Cremonese","2211","1","1","","Silvestri Cremonese fbref","https://fbref.com/en/search/search.fcgi?search=Silvestri%20Cremonese%20fbref","","","","needs-review","","","","",""
"525","batch-11","fc-2127","Satalino","P","Por","SAS","Sassuolo","2127","1","1","","Satalino Sassuolo fbref","https://fbref.com/en/search/search.fcgi?search=Satalino%20Sassuolo%20fbref","","","","needs-review","","","","",""
"521","batch-11","fc-1930","Pinsoglio","P","Por","JUV","Juventus","1930","1","1","","Pinsoglio Juventus fbref","https://fbref.com/en/search/search.fcgi?search=Pinsoglio%20Juventus%20fbref","","","","needs-review","","","","",""
"492","batch-10","fc-1926","Di Gennaro","P","Por","INT","Inter","1926","1","1","","Di Gennaro Inter fbref","https://fbref.com/en/search/search.fcgi?search=Di%20Gennaro%20Inter%20fbref","","","","needs-review","","","","",""
"406","batch-09","fc-610","Gollini","P","Por","ROM","Roma","610","1","1","FC DueFratelli2005","Gollini Roma fbref","https://fbref.com/en/search/search.fcgi?search=Gollini%20Roma%20fbref","","","","needs-review","","","","",""
"466","batch-10","fc-574","Scuffet","P","Por","PIS","Pisa","574","1","1","","Scuffet Pisa fbref","https://fbref.com/en/search/search.fcgi?search=Scuffet%20Pisa%20fbref","","","","needs-review","","","","",""
"498","batch-10","fc-543","Padelli","P","Por","UDI","Udinese","543","1","1","","Padelli Udinese fbref","https://fbref.com/en/search/search.fcgi?search=Padelli%20Udinese%20fbref","","","","needs-review","","","","",""
"487","batch-10","fc-511","Perilli","P","Por","VER","Verona","511","1","1","","Perilli Verona fbref","https://fbref.com/en/search/search.fcgi?search=Perilli%20Verona%20fbref","","","","needs-review","","","","",""
"502","batch-11","fc-219","Sommariva","P","Por","GEN","Genoa","219","1","1","","Sommariva Genoa fbref","https://fbref.com/en/search/search.fcgi?search=Sommariva%20Genoa%20fbref","","","","needs-review","","","","",""
"323","batch-07","fc-188","Leali","P","Por","GEN","Genoa","188","9","1","","Leali Genoa fbref","https://fbref.com/en/search/search.fcgi?search=Leali%20Genoa%20fbref","","","","needs-review","","","","",""
"514","batch-11","fc-158","Lezzerini","P","Por","FIO","Fiorentina","158","1","1","","Lezzerini Fiorentina fbref","https://fbref.com/en/search/search.fcgi?search=Lezzerini%20Fiorentina%20fbref","","","","needs-review","","","","",""
"503","batch-11","fc-4","Sportiello","P","Por","ATA","Atalanta","4","1","1","","Sportiello Atalanta fbref","https://fbref.com/en/search/search.fcgi?search=Sportiello%20Atalanta%20fbref","","","","needs-review","","","","",""
