playerKey,fantacalcioId,playerName,classicRole,mantraRoles,realTeamOriginal,statusCode,quotationCurrent,fvm,fantasyRoster,fbrefId,fbrefName,fbrefUrl,fbrefSearchQuery,fbrefSearchUrl,reviewBatch,reviewPriority,reviewScore,matchStatus,confidence,sourceVerifiedAt,mappedInRelease,notes
fc-5585,5585,Malen,A,A,Roma,IN_LISTONE,25,350,Ac Milan,116c35df,Donyell Malen,https://fbref.com/en/players/116c35df/Donyell-Malen,Malen Roma fbref,https://fbref.com/en/search/search.fcgi?search=Malen%20Roma%20fbref,batch-01,3,83,confirmed,0.98,2026-06-05,V373,Batch-01 verificato manualmente su FBref; nome e club coerenti.
fc-254,254,Dimarco,D,E,Inter,IN_LISTONE,30,320,River Plaid,970b8574,Federico Dimarco,https://fbref.com/en/players/970b8574/Federico-Dimarco,Dimarco Inter fbref,https://fbref.com/en/search/search.fcgi?search=Dimarco%20Inter%20fbref,batch-01,1,88,confirmed,0.98,2026-06-05,V373,Batch-01 verificato manualmente su FBref; nome e club coerenti.
fc-2764,2764,Martinez L.,A,Pc,Inter,IN_LISTONE,33,315,Prestige Worldwide,f7036e1c,Lautaro Martínez,https://fbref.com/en/players/f7036e1c/Lautaro-Martinez,Martinez L Inter fbref,https://fbref.com/en/search/search.fcgi?search=Martinez%20L%20Inter%20fbref,batch-01,2,84,confirmed,0.98,2026-06-05,V373,Nome listone abbreviato: associato a Lautaro Martínez.
fc-4871,4871,Thuram,A,Pc,Inter,IN_LISTONE,32,270,River Plaid,6f8cd6d0,Marcus Thuram,https://fbref.com/en/players/6f8cd6d0/Marcus-Thuram,Thuram Inter fbref,https://fbref.com/en/search/search.fcgi?search=Thuram%20Inter%20fbref,batch-01,5,79,confirmed,0.98,2026-06-05,V373,Batch-01 verificato manualmente su FBref; nome e club coerenti.
fc-6875,6875,Paz N.,C,T/A,Como,IN_LISTONE,26,245,FC DueFratelli2005,01bb93d5,Nicolás Paz,https://fbref.com/en/players/01bb93d5/Nicolas-Paz,Paz N Como fbref,https://fbref.com/en/search/search.fcgi?search=Paz%20N%20Como%20fbref,batch-01,4,79,confirmed,0.98,2026-06-05,V373,Omonimia controllata: scelto il profilo Nicolás Paz di Como/Real Madrid.
fc-4777,4777,McTominay,C,C/T,Napoli,IN_LISTONE,25,215,Beetlejuice,d93c2511,Scott McTominay,https://fbref.com/en/players/d93c2511/Scott-McTominay,McTominay Napoli fbref,https://fbref.com/en/search/search.fcgi?search=McTominay%20Napoli%20fbref,batch-01,7,74,confirmed,0.98,2026-06-05,V373,Batch-01 verificato manualmente su FBref; nome e club coerenti.
fc-6052,6052,Hojlund,A,Pc,Napoli,IN_LISTONE,27,213,Beetlejuice,491a433d,Rasmus Højlund,https://fbref.com/en/players/491a433d/Rasmus-Hojlund,Hojlund Napoli fbref,https://fbref.com/en/search/search.fcgi?search=Hojlund%20Napoli%20fbref,batch-01,6,74,confirmed,0.98,2026-06-05,V373,Batch-01 verificato manualmente su FBref; nome e club coerenti.
fc-7017,7017,Douvikas,A,Pc,Como,IN_LISTONE,26,200,As Paperopoli,853ca71c,Anastasios Douvikas,https://fbref.com/en/players/853ca71c/Anastasios-Douvikas,Douvikas Como fbref,https://fbref.com/en/search/search.fcgi?search=Douvikas%20Como%20fbref,batch-01,8,73,confirmed,0.98,2026-06-05,V373,Batch-01 verificato manualmente su FBref; nome e club coerenti.
fc-2379,2379,Rabiot,C,C/T,Milan,IN_LISTONE,23,195,Ac Milan,8794e251,Adrien Rabiot,https://fbref.com/en/players/8794e251/Adrien-Rabiot,Rabiot Milan fbref,https://fbref.com/en/search/search.fcgi?search=Rabiot%20Milan%20fbref,batch-01,10,69,confirmed,0.98,2026-06-05,V373,Batch-01 verificato manualmente su FBref; nome e club coerenti.
fc-2194,2194,Calhanoglu,C,M/C,Inter,IN_LISTONE,24,190,River Plaid,cd0fa27b,Hakan Çalhanoğlu,https://fbref.com/en/players/cd0fa27b/Hakan-Calhanoglu,Calhanoglu Inter fbref,https://fbref.com/en/search/search.fcgi?search=Calhanoglu%20Inter%20fbref,batch-01,11,65,confirmed,0.98,2026-06-05,V373,Batch-01 verificato manualmente su FBref; nome e club coerenti.
fc-6434,6434,Yildiz,A,A,Juventus,IN_LISTONE,26,182,Olympic Salerno  FC,d8cda243,Kenan Yıldız,https://fbref.com/en/players/d8cda243/Kenan-Yildiz,Yildiz Juventus fbref,https://fbref.com/en/search/search.fcgi?search=Yildiz%20Juventus%20fbref,batch-01,9,71,confirmed,0.98,2026-06-05,V373,Batch-01 verificato manualmente su FBref; nome e club coerenti.
fc-2167,2167,Orsolini,C,W/A,Bologna,IN_LISTONE,19,150,Prestige Worldwide,e14ec482,Riccardo Orsolini,https://fbref.com/en/players/e14ec482/Riccardo-Orsolini,Orsolini Bologna fbref,https://fbref.com/en/search/search.fcgi?search=Orsolini%20Bologna%20fbref,batch-01,12,65,confirmed,0.98,2026-06-05,V373,Batch-01 verificato manualmente su FBref; nome e club coerenti.
fc-5637,5637,Davis K.,A,Pc,Udinese,IN_LISTONE,24,110,River Plaid,9deaf2c8,Keinan Davis,https://fbref.com/en/players/9deaf2c8/Keinan-Davis,Davis K Udinese fbref,https://fbref.com/en/search/search.fcgi?search=Davis%20K%20Udinese%20fbref,batch-01,13,59,confirmed,0.98,2026-06-05,V373,Batch-01 verificato manualmente su FBref; nome e club coerenti.
fc-4973,4973,McKennie,C,M/C,Juventus,IN_LISTONE,18,107,real mappine,01c3aff5,Weston McKennie,https://fbref.com/en/players/01c3aff5/Weston-McKennie,McKennie Juventus fbref,https://fbref.com/en/search/search.fcgi?search=McKennie%20Juventus%20fbref,batch-01,19,58,confirmed,0.98,2026-06-05,V373,Batch-01 verificato manualmente su FBref; nome e club coerenti.
fc-5841,5841,Svilar,P,Por,Roma,IN_LISTONE,17,105,FC DueFratelli2005,bcf5058a,Mile Svilar,https://fbref.com/en/players/bcf5058a/Mile-Svilar,Svilar Roma fbref,https://fbref.com/en/search/search.fcgi?search=Svilar%20Roma%20fbref,batch-01,15,59,confirmed,0.98,2026-06-05,V373,Batch-01 verificato manualmente su FBref; nome e club coerenti.
fc-2841,2841,Vlahovic,A,Pc,Juventus,IN_LISTONE,16,100,Olympic Salerno  FC,79443529,Dušan Vlahović,https://fbref.com/en/players/79443529/Dusan-Vlahovic,Vlahovic Juventus fbref,https://fbref.com/en/search/search.fcgi?search=Vlahovic%20Juventus%20fbref,batch-02,57,48,confirmed,0.98,2026-06-05,V374,"Nome listone senza accenti: associato a Dušan Vlahović, Juventus. Batch-02 verificato manualmente su FBref."
fc-5687,5687,Vlasic,C,T,Torino,IN_LISTONE,17,100,FC DueFratelli2005,aa8e289e,Nikola Vlašić,https://fbref.com/en/players/aa8e289e/Nikola-Vlasic,Vlasic Torino fbref,https://fbref.com/en/search/search.fcgi?search=Vlasic%20Torino%20fbref,batch-01,16,59,confirmed,0.98,2026-06-05,V373,Batch-01 verificato manualmente su FBref; nome e club coerenti.
fc-2766,2766,Zaniolo,C,T/A,Udinese,IN_LISTONE,19,100,Olympic Salerno  FC,9907b1c8,Nicolò Zaniolo,https://fbref.com/en/players/9907b1c8/Nicolo-Zaniolo,Zaniolo Udinese fbref,https://fbref.com/en/search/search.fcgi?search=Zaniolo%20Udinese%20fbref,batch-01,21,58,confirmed,0.98,2026-06-05,V373,Batch-01 verificato manualmente su FBref; nome e club coerenti.
fc-2423,2423,Pulisic,C,T/A,Milan,IN_LISTONE,24,100,Prestige Worldwide,1bf33a9a,Christian Pulisic,https://fbref.com/en/players/1bf33a9a/Christian-Pulisic,Pulisic Milan fbref,https://fbref.com/en/search/search.fcgi?search=Pulisic%20Milan%20fbref,batch-01,26,57,confirmed,0.98,2026-06-05,V373,Batch-01 verificato manualmente su FBref; nome e club coerenti.
fc-2061,2061,Simeone,A,Pc,Torino,IN_LISTONE,22,99,River Plaid,343c0d52,Giovanni Simeone,https://fbref.com/en/players/343c0d52/Giovanni-Simeone,Simeone Torino fbref,https://fbref.com/en/search/search.fcgi?search=Simeone%20Torino%20fbref,batch-01,20,58,confirmed,0.98,2026-06-05,V373,Batch-01 verificato manualmente su FBref; nome e club coerenti.
fc-6435,6435,Krstovic,A,Pc,Atalanta,IN_LISTONE,24,95,Ac Milan,473803c9,Nikola Krstović,https://fbref.com/en/players/473803c9/Nikola-Krstovic,Krstovic Atalanta fbref,https://fbref.com/en/search/search.fcgi?search=Krstovic%20Atalanta%20fbref,batch-01,18,58,confirmed,0.98,2026-06-05,V373,Batch-01 verificato manualmente su FBref; nome e club coerenti.
fc-2137,2137,Scamacca,A,Pc,Atalanta,IN_LISTONE,23,95,FC DueFratelli2005,8790f988,Gianluca Scamacca,https://fbref.com/en/players/8790f988/Gianluca-Scamacca,Scamacca Atalanta fbref,https://fbref.com/en/search/search.fcgi?search=Scamacca%20Atalanta%20fbref,batch-01,37,53,confirmed,0.98,2026-06-05,V373,Batch-01 verificato manualmente su FBref; nome e club coerenti.
fc-7126,7126,Baturina,C,T,Como,IN_LISTONE,24,95,Olympic Salerno  FC,d1eda5f0,Martin Baturina,https://fbref.com/en/players/d1eda5f0/Martin-Baturina,Baturina Como fbref,https://fbref.com/en/search/search.fcgi?search=Baturina%20Como%20fbref,batch-01,30,55,confirmed,0.98,2026-06-05,V373,Batch-01 verificato manualmente su FBref; nome e club coerenti.
fc-6966,6966,Butez,P,Por,Como,IN_LISTONE,16,95,Beetlejuice,7f40333d,Jean Butez,https://fbref.com/en/players/7f40333d/Jean-Butez,Butez Como fbref,https://fbref.com/en/search/search.fcgi?search=Butez%20Como%20fbref,batch-01,23,57,confirmed,0.98,2026-06-05,V373,Batch-01 verificato manualmente su FBref; nome e club coerenti.
fc-2517,2517,De Bruyne,C,T,Napoli,IN_LISTONE,21,92,As Paperopoli,e46012d4,Kevin De Bruyne,https://fbref.com/en/players/e46012d4/Kevin-De-Bruyne,De Bruyne Napoli fbref,https://fbref.com/en/search/search.fcgi?search=De%20Bruyne%20Napoli%20fbref,batch-01,45,51,confirmed,0.98,2026-06-05,V373,Batch-01 verificato manualmente su FBref; nome e club coerenti.
fc-531,531,Berardi,A,A,Sassuolo,IN_LISTONE,25,90,Prestige Worldwide,53a0e358,Domenico Berardi,https://fbref.com/en/players/53a0e358/Domenico-Berardi,Berardi Sassuolo fbref,https://fbref.com/en/search/search.fcgi?search=Berardi%20Sassuolo%20fbref,batch-01,32,54,confirmed,0.98,2026-06-05,V373,Batch-01 verificato manualmente su FBref; nome e club coerenti.
fc-2606,2606,Modric,C,C,Milan,IN_LISTONE,18,90,River Plaid,6025fab1,Luka Modrić,https://fbref.com/en/players/6025fab1/Luka-Modric,Modric Milan fbref,https://fbref.com/en/search/search.fcgi?search=Modric%20Milan%20fbref,batch-01,29,56,confirmed,0.98,2026-06-05,V373,Batch-01 verificato manualmente su FBref; nome e club coerenti.
fc-4312,4312,Maignan,P,Por,Milan,IN_LISTONE,16,88,real mappine,fcb38f57,Mike Maignan,https://fbref.com/en/players/fcb38f57/Mike-Maignan,Maignan Milan fbref,https://fbref.com/en/search/search.fcgi?search=Maignan%20Milan%20fbref,batch-01,28,56,confirmed,0.98,2026-06-05,V373,Batch-01 verificato manualmente su FBref; nome e club coerenti.
fc-5734,5734,Soulè,A,A,Roma,IN_LISTONE,20,85,Prestige Worldwide,c13ddd3e,Matìas Soulé,https://fbref.com/en/players/c13ddd3e/Matias-Soule,Soulè Roma fbref,https://fbref.com/en/search/search.fcgi?search=Soul%C3%A8%20Roma%20fbref,batch-01,27,57,confirmed,0.98,2026-06-05,V373,Batch-01 verificato manualmente su FBref; nome e club coerenti.
fc-6908,6908,Atta,C,C,Udinese,IN_LISTONE,20,85,real mappine,d3ddf88b,Arthur Atta,https://fbref.com/en/players/d3ddf88b/Arthur-Atta,Atta Udinese fbref,https://fbref.com/en/search/search.fcgi?search=Atta%20Udinese%20fbref,batch-01,22,57,confirmed,0.98,2026-06-05,V373,Batch-01 verificato manualmente su FBref; nome e club coerenti.
fc-6060,6060,Laurientè,A,A,Sassuolo,IN_LISTONE,21,82,Real Pisistrius,2d22cea7,Armand Lauriente,https://fbref.com/en/players/2d22cea7/Armand-Lauriente,Laurientè Sassuolo fbref,https://fbref.com/en/search/search.fcgi?search=Laurient%C3%A8%20Sassuolo%20fbref,batch-01,14,59,confirmed,0.98,2026-06-05,V373,Batch-01 verificato manualmente su FBref; nome e club coerenti.
fc-4510,4510,Leao,A,A,Milan,IN_LISTONE,20,80,Beetlejuice,20730eae,Rafael Leão,https://fbref.com/en/players/20730eae/Rafael-Leao,Leao Milan fbref,https://fbref.com/en/search/search.fcgi?search=Leao%20Milan%20fbref,batch-01,33,54,confirmed,0.98,2026-06-05,V373,Batch-01 verificato manualmente su FBref; nome e club coerenti.
fc-5559,5559,Da Cunha,C,C/W/T,Como,IN_LISTONE,20,80,Afc Severgas Baronissi,007faf7a,Lucas Da Cunha,https://fbref.com/en/players/007faf7a/Lucas-Da-Cunha,Da Cunha Como fbref,https://fbref.com/en/search/search.fcgi?search=Da%20Cunha%20Como%20fbref,batch-01,17,58,confirmed,0.98,2026-06-05,V373,Batch-01 verificato manualmente su FBref; nome e club coerenti.
fc-4431,4431,Carnesecchi,P,Por,Atalanta,IN_LISTONE,18,80,Olympic Salerno  FC,8ec56e62,Marco Carnesecchi,https://fbref.com/en/players/8ec56e62/Marco-Carnesecchi,Carnesecchi Atalanta fbref,https://fbref.com/en/search/search.fcgi?search=Carnesecchi%20Atalanta%20fbref,batch-01,24,57,confirmed,0.98,2026-06-05,V373,Batch-01 verificato manualmente su FBref; nome e club coerenti.
fc-6832,6832,Palestra,D,E,Cagliari,IN_LISTONE,16,75,Olympic Salerno  FC,1f1828dd,Marco Palestra,https://fbref.com/en/players/1f1828dd/Marco-Palestra,Palestra Cagliari fbref,https://fbref.com/en/search/search.fcgi?search=Palestra%20Cagliari%20fbref,batch-01,34,54,confirmed,0.98,2026-06-05,V373,Batch-01 verificato manualmente su FBref; nome e club coerenti.
fc-2788,2788,Bremer,D,Dc,Juventus,IN_LISTONE,20,74,Olympic Salerno  FC,5fd5ed86,Gleison Bremer,https://fbref.com/en/players/5fd5ed86/Gleison-Bremer,Bremer Juventus fbref,https://fbref.com/en/search/search.fcgi?search=Bremer%20Juventus%20fbref,batch-01,40,52,confirmed,0.98,2026-06-05,V373,Batch-01 verificato manualmente su FBref; nome e club coerenti.
fc-4463,4463,Esposito Se.,A,A,Cagliari,IN_LISTONE,21,70,Prestige Worldwide,7ff93107,Sebastiano Esposito,https://fbref.com/en/players/7ff93107/Sebastiano-Esposito,Esposito Se Cagliari fbref,https://fbref.com/en/search/search.fcgi?search=Esposito%20Se%20Cagliari%20fbref,batch-01,25,57,confirmed,0.98,2026-06-05,V373,Batch-01 verificato manualmente su FBref; nome e club coerenti.
fc-4976,4976,Kalulu,D,Dd/Dc,Juventus,IN_LISTONE,14,68,real mappine,85f7d1be,Pierre Kalulu,https://fbref.com/en/players/85f7d1be/Pierre-Kalulu,Kalulu Juventus fbref,https://fbref.com/en/search/search.fcgi?search=Kalulu%20Juventus%20fbref,batch-01,41,52,confirmed,0.98,2026-06-05,V373,Batch-01 verificato manualmente su FBref; nome e club coerenti.
fc-7023,7023,Pellegrino M.,A,Pc,Parma,IN_LISTONE,18,67,Olympic Salerno  FC,8c9e96c5,Mateo Pellegrino,https://fbref.com/en/players/8c9e96c5/Mateo-Pellegrino,Pellegrino M Parma fbref,https://fbref.com/en/search/search.fcgi?search=Pellegrino%20M%20Parma%20fbref,batch-01,31,55,confirmed,0.98,2026-06-05,V373,Batch-01 verificato manualmente su FBref; nome e club coerenti.
fc-6717,6717,Konè I.,C,M/C,Sassuolo,IN_LISTONE,17,67,Beetlejuice,e0220b70,Ismaël Koné,https://fbref.com/en/players/e0220b70/Ismael-Kone,Konè I Sassuolo fbref,https://fbref.com/en/search/search.fcgi?search=Kon%C3%A8%20I%20Sassuolo%20fbref,batch-01,36,53,confirmed,0.98,2026-06-05,V373,"Omonimia controllata: scelto Ismaël Koné collegato a Sassuolo, non omonimo NB I."
fc-6884,6884,Conceicao,C,W/A,Juventus,IN_LISTONE,18,65,Afc Severgas Baronissi,5ef3d210,Francisco Conceição,https://fbref.com/en/players/5ef3d210/Francisco-Conceicao,Conceicao Juventus fbref,https://fbref.com/en/search/search.fcgi?search=Conceicao%20Juventus%20fbref,batch-01,44,51,confirmed,0.98,2026-06-05,V373,Batch-01 verificato manualmente su FBref; nome e club coerenti.
fc-4159,4159,Akanji,D,Dc,Inter,IN_LISTONE,13,64,Prestige Worldwide,89ac64a6,Manuel Akanji,https://fbref.com/en/players/89ac64a6/Manuel-Akanji,Akanji Inter fbref,https://fbref.com/en/search/search.fcgi?search=Akanji%20Inter%20fbref,batch-02,58,47,confirmed,0.98,2026-06-05,V374,Nome listone univoco; profilo FBref collegato a Inter/Manchester City. Batch-02 verificato manualmente su FBref.
fc-1933,1933,Mandragora,C,M/C,Fiorentina,IN_LISTONE,17,60,real mappine,c7259b83,Rolando Mandragora,https://fbref.com/en/players/c7259b83/Rolando-Mandragora,Mandragora Fiorentina fbref,https://fbref.com/en/search/search.fcgi?search=Mandragora%20Fiorentina%20fbref,batch-01,42,52,confirmed,0.98,2026-06-05,V373,Batch-01 verificato manualmente su FBref; nome e club coerenti.
fc-152,152,Zielinski,C,C/T,Inter,IN_LISTONE,20,60,Real Pisistrius,a5296e55,Piotr Zieliński,https://fbref.com/en/players/a5296e55/Piotr-Zielinski,Zielinski Inter fbref,https://fbref.com/en/search/search.fcgi?search=Zielinski%20Inter%20fbref,batch-01,38,53,confirmed,0.98,2026-06-05,V373,Batch-01 verificato manualmente su FBref; nome e club coerenti.
fc-5022,5022,Pavlovic,D,Dc,Milan,IN_LISTONE,17,60,Olympic Salerno  FC,25146df0,Strahinja Pavlović,https://fbref.com/en/players/25146df0/Strahinja-Pavlovic,Pavlovic Milan fbref,https://fbref.com/en/search/search.fcgi?search=Pavlovic%20Milan%20fbref,batch-01,43,52,confirmed,0.98,2026-06-05,V373,Batch-01 verificato manualmente su FBref; nome e club coerenti.
fc-2428,2428,Sommer,P,Por,Inter,IN_LISTONE,13,60,Afc Severgas Baronissi,420c18a1,Yann Sommer,https://fbref.com/en/players/420c18a1/Yann-Sommer,Sommer Inter fbref,https://fbref.com/en/search/search.fcgi?search=Sommer%20Inter%20fbref,batch-02,56,48,confirmed,0.98,2026-06-05,V374,Portiere Inter: profilo FBref Yann Sommer. Batch-02 verificato manualmente su FBref.
fc-5995,5995,De Ketelaere,A,A,Atalanta,IN_LISTONE,16,59,FC DueFratelli2005,2ef7c612,Charles De Ketelaere,https://fbref.com/en/players/2ef7c612/Charles-De-Ketelaere,De Ketelaere Atalanta fbref,https://fbref.com/en/search/search.fcgi?search=De%20Ketelaere%20Atalanta%20fbref,batch-02,51,49,confirmed,0.98,2026-06-05,V374,"Nome listone abbreviato: associato a Charles De Ketelaere, Atalanta. Batch-02 verificato manualmente su FBref."
fc-1870,1870,Barella,C,C,Inter,IN_LISTONE,18,58,Prestige Worldwide,6928979a,Nicolò Barella,https://fbref.com/en/players/6928979a/Nicolo-Barella,Barella Inter fbref,https://fbref.com/en/search/search.fcgi?search=Barella%20Inter%20fbref,batch-01,39,52,confirmed,0.98,2026-06-05,V373,Batch-01 verificato manualmente su FBref; nome e club coerenti.
fc-5513,5513,Dumfries,D,E,Inter,IN_LISTONE,12,56,Prestige Worldwide,,,,Dumfries Inter fbref,https://fbref.com/en/search/search.fcgi?search=Dumfries%20Inter%20fbref,batch-03,125,39,needs-review,,,,
fc-2038,2038,Pinamonti,A,Pc,Sassuolo,IN_LISTONE,16,55,Ac Milan,08aa9cd1,Andrea Pinamonti,https://fbref.com/en/players/08aa9cd1/Andrea-Pinamonti,Pinamonti Sassuolo fbref,https://fbref.com/en/search/search.fcgi?search=Pinamonti%20Sassuolo%20fbref,batch-01,49,50,confirmed,0.98,2026-06-05,V373,Batch-01 verificato manualmente su FBref; nome e club coerenti.
fc-6956,6956,Solet,D,Dc,Udinese,IN_LISTONE,14,55,Real Pisistrius,0670ee51,Oumar Solet,https://fbref.com/en/players/0670ee51/Oumar-Solet,Solet Udinese fbref,https://fbref.com/en/search/search.fcgi?search=Solet%20Udinese%20fbref,batch-02,55,48,confirmed,0.98,2026-06-05,V374,"Nome listone cognome: associato a Oumar Solet, Udinese. Batch-02 verificato manualmente su FBref."
fc-7351,7351,Santos A.,C,W/A,Napoli,IN_LISTONE,12,54,FC DueFratelli2005,,,,Santos A Napoli fbref,https://fbref.com/en/search/search.fcgi?search=Santos%20A%20Napoli%20fbref,batch-04,169,36,needs-review,,,,
fc-2296,2296,Mancini,D,Dc,Roma,IN_LISTONE,15,54,Ac Milan,5aa53281,Gianluca Mancini,https://fbref.com/en/players/5aa53281/Gianluca-Mancini,Mancini Roma fbref,https://fbref.com/en/search/search.fcgi?search=Mancini%20Roma%20fbref,batch-01,47,50,confirmed,0.98,2026-06-05,V373,Batch-01 verificato manualmente su FBref; nome e club coerenti.
fc-7314,7314,Taylor K.,C,C/T,Lazio,IN_LISTONE,14,52,Olympic Salerno  FC,,,,Taylor K Lazio fbref,https://fbref.com/en/search/search.fcgi?search=Taylor%20K%20Lazio%20fbref,batch-03,118,40,needs-review,,,,
fc-6684,6684,Ekkelenkamp,C,C/T,Udinese,IN_LISTONE,14,51,Afc Severgas Baronissi,73d6a176,Jurgen Ekkelenkamp,https://fbref.com/en/players/73d6a176/Jurgen-Ekkelenkamp,Ekkelenkamp Udinese fbref,https://fbref.com/en/search/search.fcgi?search=Ekkelenkamp%20Udinese%20fbref,batch-02,61,46,confirmed,0.98,2026-06-05,V374,"Nome listone cognome: associato a Jurgen Ekkelenkamp, Udinese. Batch-02 verificato manualmente su FBref."
fc-4317,4317,N'Dicka,D,Dc,Roma,IN_LISTONE,12,51,Ac Milan,441197b8,Obite N'Dicka,https://fbref.com/en/players/441197b8/Obite-NDicka,N'Dicka Roma fbref,https://fbref.com/en/search/search.fcgi?search=N'Dicka%20Roma%20fbref,batch-02,82,44,confirmed,0.98,2026-06-05,V374,"Nome listone N'Dicka: associato a Obite/Evan N'Dicka, Roma. Batch-02 verificato manualmente su FBref."
fc-309,309,Dybala,A,A,Roma,IN_LISTONE,13,50,Real Pisistrius,,,,Dybala Roma fbref,https://fbref.com/en/search/search.fcgi?search=Dybala%20Roma%20fbref,batch-03,111,40,needs-review,,,,
fc-6151,6151,Perrone,C,M/C,Como,IN_LISTONE,16,50,Ac Milan,53552942,Máximo Perrone,https://fbref.com/en/players/53552942/Maximo-Perrone,Perrone Como fbref,https://fbref.com/en/search/search.fcgi?search=Perrone%20Como%20fbref,batch-01,48,50,confirmed,0.98,2026-06-05,V373,Batch-01 verificato manualmente su FBref; nome e club coerenti.
fc-4486,4486,Strefezza,C,W/A,Parma,IN_LISTONE,13,50,Afc Severgas Baronissi,,,,Strefezza Parma fbref,https://fbref.com/en/search/search.fcgi?search=Strefezza%20Parma%20fbref,batch-04,170,36,needs-review,,,,
fc-5750,5750,Ostigard,D,Dc,Genoa,IN_LISTONE,15,50,Prestige Worldwide,b35a7399,Leo Skiri Østigård,https://fbref.com/en/players/b35a7399/Leo-Skiri-Ostigard,Ostigard Genoa fbref,https://fbref.com/en/search/search.fcgi?search=Ostigard%20Genoa%20fbref,batch-02,66,46,confirmed,0.98,2026-06-05,V374,"Nome listone senza accenti: associato a Leo Skiri Østigård, Genoa. Batch-02 verificato manualmente su FBref."
fc-6844,6844,Rowe,C,W/T,Bologna,IN_LISTONE,15,49,Ac Milan,8c12f884,Jonathan Rowe,https://fbref.com/en/players/8c12f884/Jonathan-Rowe,Rowe Bologna fbref,https://fbref.com/en/search/search.fcgi?search=Rowe%20Bologna%20fbref,batch-02,72,45,confirmed,0.98,2026-06-05,V374,"Nome listone cognome: associato a Jonathan Rowe, Bologna. Batch-02 verificato manualmente su FBref."
fc-827,827,Locatelli,C,M/C,Juventus,IN_LISTONE,12,47,Beetlejuice,a8a874f1,Manuel Locatelli,https://fbref.com/en/players/a8a874f1/Manuel-Locatelli,Locatelli Juventus fbref,https://fbref.com/en/search/search.fcgi?search=Locatelli%20Juventus%20fbref,batch-02,62,46,confirmed,0.99,2026-06-05,V374,"Nome listone cognome: associato a Manuel Locatelli, Juventus. Batch-02 verificato manualmente su FBref."
fc-7181,7181,Wesley,D,E,Roma,IN_LISTONE,14,46,Afc Severgas Baronissi,f2c49c79,Wesley,https://fbref.com/en/players/f2c49c79/Wesley,Wesley Roma fbref,https://fbref.com/en/search/search.fcgi?search=Wesley%20Roma%20fbref,batch-02,75,45,confirmed,0.98,2026-06-05,V374,Profilo FBref Wesley collegato a Roma/Flamengo. Batch-02 verificato manualmente su FBref.
fc-4409,4409,Rrahmani,D,Dc,Napoli,IN_LISTONE,11,45,Olympic Salerno  FC,,,,Rrahmani Napoli fbref,https://fbref.com/en/search/search.fcgi?search=Rrahmani%20Napoli%20fbref,batch-03,138,38,needs-review,,,,
fc-4728,4728,Nkunku,A,A,Milan,IN_LISTONE,18,43,real mappine,7c56da38,Christopher Nkunku,https://fbref.com/en/players/7c56da38/Christopher-Nkunku,Nkunku Milan fbref,https://fbref.com/en/search/search.fcgi?search=Nkunku%20Milan%20fbref,batch-02,65,46,confirmed,0.98,2026-06-05,V374,"Nome listone cognome: associato a Christopher Nkunku, Milan. Batch-02 verificato manualmente su FBref."
fc-7071,7071,Esposito F.P.,A,Pc,Inter,IN_LISTONE,22,41,Olympic Salerno  FC,041e5f1f,Francesco Esposito,https://fbref.com/en/players/041e5f1f/Francesco-Esposito,Esposito F.P Inter fbref,https://fbref.com/en/search/search.fcgi?search=Esposito%20F.P%20Inter%20fbref,batch-01,46,51,confirmed,0.98,2026-06-05,V373,FBref usa il nome Francesco Esposito per Francesco Pio Esposito.
fc-5562,5562,Thuram K.,C,M/C,Juventus,IN_LISTONE,14,41,real mappine,7d9397f8,Khéphren Thuram,https://fbref.com/en/players/7d9397f8/Khephren-Thuram,Thuram K Juventus fbref,https://fbref.com/en/search/search.fcgi?search=Thuram%20K%20Juventus%20fbref,batch-02,68,46,confirmed,0.98,2026-06-05,V374,"Nome listone Thuram K.: associato a Khéphren Thuram, Juventus. Batch-02 verificato manualmente su FBref."
fc-6217,6217,Bisseck,D,Dc,Inter,IN_LISTONE,15,41,real mappine,3963c25b,Yann Aurel Bisseck,https://fbref.com/en/players/3963c25b/Yann-Aurel-Bisseck,Bisseck Inter fbref,https://fbref.com/en/search/search.fcgi?search=Bisseck%20Inter%20fbref,batch-02,89,42,confirmed,0.98,2026-06-05,V374,"Nome listone cognome: associato a Yann Aurel Bisseck, Inter. Batch-02 verificato manualmente su FBref."
fc-2097,2097,Kean,A,Pc,Fiorentina,IN_LISTONE,16,40,Olympic Salerno  FC,3d50bcdb,Moise Kean,https://fbref.com/en/players/3d50bcdb/Moise-Kean,Kean Fiorentina fbref,https://fbref.com/en/search/search.fcgi?search=Kean%20Fiorentina%20fbref,batch-02,81,44,confirmed,0.98,2026-06-05,V374,"Nome listone cognome: associato a Moise Kean, Fiorentina. Batch-02 verificato manualmente su FBref."
fc-505,505,Bonazzoli,A,A,Cremonese,IN_LISTONE,22,40,Prestige Worldwide,bf57eaab,Federico Bonazzoli,https://fbref.com/en/players/bf57eaab/Federico-Bonazzoli,Bonazzoli Cremonese fbref,https://fbref.com/en/search/search.fcgi?search=Bonazzoli%20Cremonese%20fbref,batch-01,35,53,confirmed,0.98,2026-06-05,V373,Batch-01 verificato manualmente su FBref; nome e club coerenti.
fc-5844,5844,Thorstvedt,C,C/T,Sassuolo,IN_LISTONE,15,40,Ac Milan,76ff8d0d,Kristian Thorstvedt,https://fbref.com/en/players/76ff8d0d/Kristian-Thorstvedt,Thorstvedt Sassuolo fbref,https://fbref.com/en/search/search.fcgi?search=Thorstvedt%20Sassuolo%20fbref,batch-02,67,46,confirmed,0.98,2026-06-05,V374,"Nome listone cognome: associato a Kristian Thorstvedt, Sassuolo. Batch-02 verificato manualmente su FBref."
fc-2120,2120,Bastoni,D,Dc,Inter,IN_LISTONE,13,40,real mappine,75b86fb3,Alessandro Bastoni,https://fbref.com/en/players/75b86fb3/Alessandro-Bastoni,Bastoni Inter fbref,https://fbref.com/en/search/search.fcgi?search=Bastoni%20Inter%20fbref,batch-02,88,42,confirmed,0.98,2026-06-05,V374,"Nome listone cognome: associato ad Alessandro Bastoni, Inter. Batch-02 verificato manualmente su FBref."
fc-5589,5589,Konè M.,C,M/C,Roma,IN_LISTONE,13,39,Olympic Salerno  FC,86574238,Manu Koné,https://fbref.com/en/players/86574238/Manu-Kone,Konè M Roma fbref,https://fbref.com/en/search/search.fcgi?search=Kon%C3%A8%20M%20Roma%20fbref,batch-02,87,43,confirmed,0.98,2026-06-05,V374,"Nome listone Konè M.: associato a Manu Koné, Roma. Batch-02 verificato manualmente su FBref."
fc-4923,4923,Colombo,A,Pc,Genoa,IN_LISTONE,14,37,FC DueFratelli2005,04df29a5,Lorenzo Colombo,https://fbref.com/en/players/04df29a5/Lorenzo-Colombo,Colombo Genoa fbref,https://fbref.com/en/search/search.fcgi?search=Colombo%20Genoa%20fbref,batch-02,52,48,confirmed,0.98,2026-06-05,V374,"Nome listone cognome: associato a Lorenzo Colombo, Genoa. Batch-02 verificato manualmente su FBref."
fc-4371,4371,Raspadori,A,A,Atalanta,IN_LISTONE,15,37,Real Pisistrius,,,,Raspadori Atalanta fbref,https://fbref.com/en/search/search.fcgi?search=Raspadori%20Atalanta%20fbref,batch-04,151,37,needs-review,,,,
fc-2832,2832,Boga,A,W/A,Juventus,IN_LISTONE,11,37,Afc Severgas Baronissi,,,,Boga Juventus fbref,https://fbref.com/en/search/search.fcgi?search=Boga%20Juventus%20fbref,batch-04,192,33,needs-review,,,,
fc-2170,2170,Milinkovic-Savic V.,P,Por,Napoli,IN_LISTONE,17,37,Beetlejuice,9fa26bc2,Vanja Milinković-Savić,https://fbref.com/en/players/9fa26bc2/Vanja-Milinkovic-Savic,Milinkovic-Savic V Napoli fbref,https://fbref.com/en/search/search.fcgi?search=Milinkovic-Savic%20V%20Napoli%20fbref,batch-02,64,46,confirmed,0.98,2026-06-05,V374,"Nome listone Milinkovic-Savic V.: associato a Vanja Milinković-Savić, Napoli. Batch-02 verificato manualmente su FBref."
fc-4892,4892,Saelemaekers,C,E/W,Milan,IN_LISTONE,15,36,As Paperopoli,ee251371,Alexis Saelemaekers,https://fbref.com/en/players/ee251371/Alexis-Saelemaekers,Saelemaekers Milan fbref,https://fbref.com/en/search/search.fcgi?search=Saelemaekers%20Milan%20fbref,batch-02,54,48,confirmed,0.98,2026-06-05,V374,"Nome listone cognome: associato a Alexis Saelemaekers, Milan. Batch-02 verificato manualmente su FBref."
fc-6398,6398,Isaksen,C,W/A,Lazio,IN_LISTONE,16,35,FC DueFratelli2005,5715bb71,Gustav Isaksen,https://fbref.com/en/players/5715bb71/Gustav-Isaksen,Isaksen Lazio fbref,https://fbref.com/en/search/search.fcgi?search=Isaksen%20Lazio%20fbref,batch-02,80,44,confirmed,0.98,2026-06-05,V374,"Nome listone cognome: associato a Gustav Isaksen, Lazio. Batch-02 verificato manualmente su FBref."
fc-5800,5800,Gudmundsson A.,C,T/A,Fiorentina,IN_LISTONE,13,35,Ac Milan,b79858d5,Albert Guðmundsson,https://fbref.com/en/players/b79858d5/Albert-Gudmundsson,Gudmundsson A Fiorentina fbref,https://fbref.com/en/search/search.fcgi?search=Gudmundsson%20A%20Fiorentina%20fbref,batch-02,85,43,confirmed,0.98,2026-06-05,V374,"Nome listone Gudmundsson A.: associato ad Albert Guðmundsson, Fiorentina. Batch-02 verificato manualmente su FBref."
fc-4465,4465,Fagioli,C,C,Fiorentina,IN_LISTONE,11,35,FC DueFratelli2005,366be751,Nicolò Fagioli,https://fbref.com/en/players/366be751/Nicolo-Fagioli,Fagioli Fiorentina fbref,https://fbref.com/en/search/search.fcgi?search=Fagioli%20Fiorentina%20fbref,batch-02,95,42,confirmed,0.98,2026-06-05,V374,"Nome listone cognome: associato a Nicolò Fagioli, Fiorentina. Batch-02 verificato manualmente su FBref."
fc-2134,2134,Falcone,P,Por,Lecce,IN_LISTONE,15,35,River Plaid,9f5a610b,Wladimiro Falcone,https://fbref.com/en/players/9f5a610b/Wladimiro-Falcone,Falcone Lecce fbref,https://fbref.com/en/search/search.fcgi?search=Falcone%20Lecce%20fbref,batch-02,53,48,confirmed,0.98,2026-06-05,V374,"Nome listone cognome: associato a Wladimiro Falcone, Lecce. Batch-02 verificato manualmente su FBref."
fc-4427,4427,Malinovskyi,C,C/T,Genoa,IN_LISTONE,15,34,Real Pisistrius,48d5bd33,Ruslan Malinovskyi,https://fbref.com/en/players/48d5bd33/Ruslan-Malinovskyi,Malinovskyi Genoa fbref,https://fbref.com/en/search/search.fcgi?search=Malinovskyi%20Genoa%20fbref,batch-02,63,46,confirmed,0.98,2026-06-05,V374,"Nome listone cognome: associato a Ruslan Malinovskyi, Genoa. Batch-02 verificato manualmente su FBref."
fc-7347,7347,Bowie,A,A,Verona,IN_LISTONE,10,33,,,,,Bowie Verona fbref,https://fbref.com/en/search/search.fcgi?search=Bowie%20Verona%20fbref,batch-07,311,21,needs-review,,,,
fc-184,184,Bernardeschi,C,W/A,Bologna,IN_LISTONE,13,33,Prestige Worldwide,,,,Bernardeschi Bologna fbref,https://fbref.com/en/search/search.fcgi?search=Bernardeschi%20Bologna%20fbref,batch-03,120,39,needs-review,,,,
fc-1852,1852,Spinazzola,D,Ds/E,Napoli,IN_LISTONE,16,33,Prestige Worldwide,3626daea,Leonardo Spinazzola,https://fbref.com/en/players/3626daea/Leonardo-Spinazzola,Spinazzola Napoli fbref,https://fbref.com/en/search/search.fcgi?search=Spinazzola%20Napoli%20fbref,batch-02,73,45,confirmed,0.98,2026-06-05,V374,"Nome listone cognome: associato a Leonardo Spinazzola, Napoli. Batch-02 verificato manualmente su FBref."
fc-2499,2499,Vardy,A,Pc,Cremonese,IN_LISTONE,16,32,Ac Milan,45963054,Jamie Vardy,https://fbref.com/en/players/45963054/Jamie-Vardy,Vardy Cremonese fbref,https://fbref.com/en/search/search.fcgi?search=Vardy%20Cremonese%20fbref,batch-02,74,45,confirmed,0.98,2026-06-05,V374,"Nome listone cognome: associato a Jamie Vardy, Cremonese. Batch-02 verificato manualmente su FBref."
fc-536,536,Politano,C,W,Napoli,IN_LISTONE,13,31,River Plaid,5e861944,Matteo Politano,https://fbref.com/en/players/5e861944/Matteo-Politano,Politano Napoli fbref,https://fbref.com/en/search/search.fcgi?search=Politano%20Napoli%20fbref,batch-02,83,44,confirmed,0.98,2026-06-05,V374,"Nome listone cognome: associato a Matteo Politano, Napoli. Batch-02 verificato manualmente su FBref."
fc-6967,6967,Diao,A,W/A,Como,IN_LISTONE,12,30,Olympic Salerno  FC,,,,Diao Como fbref,https://fbref.com/en/search/search.fcgi?search=Diao%20Como%20fbref,batch-04,187,34,needs-review,,,,
fc-6572,6572,Castro S.,A,Pc,Bologna,IN_LISTONE,17,30,As Paperopoli,ee5565ae,Santiago Castro,https://fbref.com/en/players/ee5565ae/Santiago-Castro,Castro S Bologna fbref,https://fbref.com/en/search/search.fcgi?search=Castro%20S%20Bologna%20fbref,batch-01,50,49,confirmed,0.98,2026-06-05,V373,Batch-01 verificato manualmente su FBref; nome e club coerenti.
fc-5792,5792,Ederson D.S.,C,M/C,Atalanta,IN_LISTONE,13,30,Prestige Worldwide,a9202def,Éderson,https://fbref.com/en/players/a9202def/Ederson,Ederson D.S Atalanta fbref,https://fbref.com/en/search/search.fcgi?search=Ederson%20D.S%20Atalanta%20fbref,batch-02,94,42,confirmed,0.98,2026-06-05,V374,"Nome listone Ederson D.S.: associato a Éderson dos Santos, Atalanta. Batch-02 verificato manualmente su FBref."
fc-5885,5885,Dodò,D,E,Fiorentina,IN_LISTONE,10,30,Ac Milan,b5f7d10b,Dodô,https://fbref.com/en/players/b5f7d10b/Dodo,Dodò Fiorentina fbref,https://fbref.com/en/search/search.fcgi?search=Dod%C3%B2%20Fiorentina%20fbref,batch-02,93,42,confirmed,0.98,2026-06-05,V374,"Nome listone Dodo: associato a Dodô/Domilson Cordeiro dos Santos, Fiorentina. Batch-02 verificato manualmente su FBref."
fc-5876,5876,Di Gregorio,P,Por,Juventus,IN_LISTONE,15,30,Beetlejuice,4e0c8d66,Michele Di Gregorio,https://fbref.com/en/players/4e0c8d66/Michele-Di-Gregorio,Di Gregorio Juventus fbref,https://fbref.com/en/search/search.fcgi?search=Di%20Gregorio%20Juventus%20fbref,batch-02,79,44,confirmed,0.98,2026-06-05,V374,"Nome listone Di Gregorio: associato a Michele Di Gregorio, Juventus. Batch-02 verificato manualmente su FBref."
fc-5544,5544,David,A,Pc,Juventus,IN_LISTONE,13,28,real mappine,ce50fd99,Jonathan David,https://fbref.com/en/players/ce50fd99/Jonathan-David,David Juventus fbref,https://fbref.com/en/search/search.fcgi?search=David%20Juventus%20fbref,batch-02,92,42,confirmed,0.98,2026-06-05,V374,"Nome listone David: associato a Jonathan David, Juventus. Batch-02 verificato manualmente su FBref."
fc-2816,2816,Di Lorenzo,D,Dd/E,Napoli,IN_LISTONE,10,28,Afc Severgas Baronissi,,,,Di Lorenzo Napoli fbref,https://fbref.com/en/search/search.fcgi?search=Di%20Lorenzo%20Napoli%20fbref,batch-03,142,37,needs-review,,,,
fc-2521,2521,De Gea,P,Por,Fiorentina,IN_LISTONE,12,28,River Plaid,7ba6d84e,David de Gea,https://fbref.com/en/players/7ba6d84e/David-de-Gea,De Gea Fiorentina fbref,https://fbref.com/en/search/search.fcgi?search=De%20Gea%20Fiorentina%20fbref,batch-02,71,45,confirmed,0.98,2026-06-05,V374,"Nome listone De Gea: associato a David de Gea, Fiorentina. Batch-02 verificato manualmente su FBref."
fc-7129,7129,Rodriguez Je.,A,W/A,Como,IN_LISTONE,15,27,Afc Severgas Baronissi,f9f74e43,Jesus Rodríguez,https://fbref.com/en/players/f9f74e43/Jesus-Rodriguez,Rodriguez Je Como fbref,https://fbref.com/en/search/search.fcgi?search=Rodriguez%20Je%20Como%20fbref,batch-02,97,42,confirmed,0.98,2026-06-05,V374,"Nome listone Rodriguez Je.: associato a Jesus Rodríguez, Como; omonimi controllati. Batch-02 verificato manualmente su FBref."
fc-6766,6766,Kelly L.,D,Ds/Dc,Juventus,IN_LISTONE,11,27,real mappine,f31def1e,Lloyd Kelly,https://fbref.com/en/players/f31def1e/Lloyd-Kelly,Kelly L Juventus fbref,https://fbref.com/en/search/search.fcgi?search=Kelly%20L%20Juventus%20fbref,batch-02,96,42,confirmed,0.98,2026-06-05,V374,"Nome listone Kelly L.: associato a Lloyd Kelly, Juventus. Batch-02 verificato manualmente su FBref."
fc-779,779,Cristante,C,M/C,Roma,IN_LISTONE,13,26,Afc Severgas Baronissi,16657b95,Bryan Cristante,https://fbref.com/en/players/16657b95/Bryan-Cristante,Cristante Roma fbref,https://fbref.com/en/search/search.fcgi?search=Cristante%20Roma%20fbref,batch-02,70,45,confirmed,0.98,2026-06-05,V374,"Nome listone cognome: associato a Bryan Cristante, Roma. Batch-02 verificato manualmente su FBref."
fc-5514,5514,Vasquez,D,Ds/Dc,Genoa,IN_LISTONE,11,26,River Plaid,5eaed77a,Johan Vásquez,https://fbref.com/en/players/5eaed77a/Johan-Vasquez,Vasquez Genoa fbref,https://fbref.com/en/search/search.fcgi?search=Vasquez%20Genoa%20fbref,batch-02,98,42,confirmed,0.98,2026-06-05,V374,"Nome listone Vasquez: associato a Johan Vásquez, Genoa. Batch-02 verificato manualmente su FBref."
fc-5455,5455,Moreo,A,A,Pisa,IN_LISTONE,16,25,Ac Milan,7c52943c,Stefano Moreo,https://fbref.com/en/players/7c52943c/Stefano-Moreo,Moreo Pisa fbref,https://fbref.com/en/search/search.fcgi?search=Moreo%20Pisa%20fbref,batch-02,59,47,confirmed,0.98,2026-06-05,V374,"Nome listone cognome: associato a Stefano Moreo, Pisa. Batch-02 verificato manualmente su FBref."
fc-5674,5674,Basic,C,C,Lazio,IN_LISTONE,11,25,Beetlejuice,,,,Basic Lazio fbref,https://fbref.com/en/search/search.fcgi?search=Basic%20Lazio%20fbref,batch-04,157,36,needs-review,,,,
fc-632,632,Zaccagni,C,W/A,Lazio,IN_LISTONE,13,25,Ac Milan,,,,Zaccagni Lazio fbref,https://fbref.com/en/search/search.fcgi?search=Zaccagni%20Lazio%20fbref,batch-03,133,39,needs-review,,,,
fc-6989,6989,Tiago Gabriel,D,Dc,Lecce,IN_LISTONE,10,25,Beetlejuice,,,,Tiago Gabriel Lecce fbref,https://fbref.com/en/search/search.fcgi?search=Tiago%20Gabriel%20Lecce%20fbref,batch-03,108,41,needs-review,,,,
fc-4807,4807,Hermoso,D,Dc,Roma,IN_LISTONE,13,25,real mappine,,,,Hermoso Roma fbref,https://fbref.com/en/search/search.fcgi?search=Hermoso%20Roma%20fbref,batch-03,113,40,needs-review,,,,
fc-4734,4734,Miranda J.,D,Ds/E,Bologna,IN_LISTONE,10,25,As Paperopoli,,,,Miranda J Bologna fbref,https://fbref.com/en/search/search.fcgi?search=Miranda%20J%20Bologna%20fbref,batch-03,129,39,needs-review,,,,
fc-6556,6556,Noslin,A,A,Lazio,IN_LISTONE,14,24,As Paperopoli,,,,Noslin Lazio fbref,https://fbref.com/en/search/search.fcgi?search=Noslin%20Lazio%20fbref,batch-03,130,39,needs-review,,,,
fc-530,530,Pellegrini Lo.,C,C/T,Roma,IN_LISTONE,13,24,FC DueFratelli2005,,,,Pellegrini Lo Roma fbref,https://fbref.com/en/search/search.fcgi?search=Pellegrini%20Lo%20Roma%20fbref,batch-03,137,38,needs-review,,,,
fc-6646,6646,Adams C.,A,A,Torino,IN_LISTONE,16,23,Real Pisistrius,f2bf1b0f,Che Adams,https://fbref.com/en/players/f2bf1b0f/Che-Adams,Adams C Torino fbref,https://fbref.com/en/search/search.fcgi?search=Adams%20C%20Torino%20fbref,batch-02,69,45,confirmed,0.98,2026-06-05,V374,"Nome listone Adams C.: associato a Che Adams, Torino. Batch-02 verificato manualmente su FBref."
fc-6439,6439,Cheddira,A,Pc,Lecce,IN_LISTONE,11,23,,,,,Cheddira Lecce fbref,https://fbref.com/en/search/search.fcgi?search=Cheddira%20Lecce%20fbref,batch-06,263,26,needs-review,,,,
fc-6666,6666,Bernabè,C,C,Parma,IN_LISTONE,15,23,Olympic Salerno  FC,548672b4,Adrian Bernabe,https://fbref.com/en/players/548672b4/Adrian-Bernabe,Bernabè Parma fbref,https://fbref.com/en/search/search.fcgi?search=Bernab%C3%A8%20Parma%20fbref,batch-02,77,44,confirmed,0.98,2026-06-05,V374,"Nome listone Bernabè: associato ad Adrian Bernabe, Parma. Batch-02 verificato manualmente su FBref."
fc-5651,5651,Harrison,C,W,Fiorentina,IN_LISTONE,11,23,Ac Milan,,,,Harrison Fiorentina fbref,https://fbref.com/en/search/search.fcgi?search=Harrison%20Fiorentina%20fbref,batch-05,204,32,needs-review,,,,
fc-6869,6869,Ramon,D,Dc,Como,IN_LISTONE,10,23,River Plaid,,,,Ramon Como fbref,https://fbref.com/en/search/search.fcgi?search=Ramon%20Como%20fbref,batch-03,131,39,needs-review,,,,
fc-6001,6001,Banda,A,W/A,Lecce,IN_LISTONE,15,22,Beetlejuice,8a6de8c7,Lameck Banda,https://fbref.com/en/players/8a6de8c7/Lameck-Banda,Banda Lecce fbref,https://fbref.com/en/search/search.fcgi?search=Banda%20Lecce%20fbref,batch-02,76,44,confirmed,0.98,2026-06-05,V374,"Nome listone cognome: associato a Lameck Banda, Lecce. Batch-02 verificato manualmente su FBref."
fc-6294,6294,Ndour,C,M/C,Fiorentina,IN_LISTONE,9,22,Prestige Worldwide,,,,Ndour Fiorentina fbref,https://fbref.com/en/search/search.fcgi?search=Ndour%20Fiorentina%20fbref,batch-03,148,37,needs-review,,,,
fc-22,22,De Roon,C,M/C,Atalanta,IN_LISTONE,9,22,Real Pisistrius,,,,De Roon Atalanta fbref,https://fbref.com/en/search/search.fcgi?search=De%20Roon%20Atalanta%20fbref,batch-03,124,39,needs-review,,,,
fc-6664,6664,Delprato,D,B/Dd/E,Parma,IN_LISTONE,10,22,FC DueFratelli2005,,,,Delprato Parma fbref,https://fbref.com/en/search/search.fcgi?search=Delprato%20Parma%20fbref,batch-03,102,41,needs-review,,,,
fc-5862,5862,Valeri,D,Ds/E,Parma,IN_LISTONE,11,22,Real Pisistrius,,,,Valeri Parma fbref,https://fbref.com/en/search/search.fcgi?search=Valeri%20Parma%20fbref,batch-03,109,41,needs-review,,,,
fc-5526,5526,Scalvini,D,Dc,Atalanta,IN_LISTONE,15,22,Olympic Salerno  FC,,,,Scalvini Atalanta fbref,https://fbref.com/en/search/search.fcgi?search=Scalvini%20Atalanta%20fbref,batch-03,117,40,needs-review,,,,
fc-7070,7070,Sucic P.,C,C,Inter,IN_LISTONE,11,21,FC DueFratelli2005,,,,Sucic P Inter fbref,https://fbref.com/en/search/search.fcgi?search=Sucic%20P%20Inter%20fbref,batch-03,139,38,needs-review,,,,
fc-5504,5504,Coulibaly L.,C,M/C,Lecce,IN_LISTONE,13,21,Real Pisistrius,85a44ecc,Lassana Coulibaly,https://fbref.com/en/players/85a44ecc/Lassana-Coulibaly,Coulibaly L Lecce fbref,https://fbref.com/en/search/search.fcgi?search=Coulibaly%20L%20Lecce%20fbref,batch-02,84,43,confirmed,0.98,2026-06-05,V374,"Nome listone Coulibaly L.: associato a Lassana Coulibaly, Lecce. Batch-02 verificato manualmente su FBref."
fc-4751,4751,Tomori,D,Dc,Milan,IN_LISTONE,8,21,Prestige Worldwide,,,,Tomori Milan fbref,https://fbref.com/en/search/search.fcgi?search=Tomori%20Milan%20fbref,batch-04,153,37,needs-review,,,,
fc-6164,6164,Vitinha O.,A,Pc,Genoa,IN_LISTONE,13,20,real mappine,74d4cec6,Vitinha,https://fbref.com/en/players/74d4cec6/Vitinha,Vitinha O Genoa fbref,https://fbref.com/en/search/search.fcgi?search=Vitinha%20O%20Genoa%20fbref,batch-02,99,42,confirmed,0.98,2026-06-05,V374,"Nome listone Vitinha O.: associato a Vitinha/Vítor Oliveira, Genoa. Batch-02 verificato manualmente su FBref."
fc-2489,2489,Pedro,A,A,Lazio,IN_LISTONE,16,20,Beetlejuice,,,,Pedro Lazio fbref,https://fbref.com/en/search/search.fcgi?search=Pedro%20Lazio%20fbref,batch-03,107,41,needs-review,,,,
fc-5888,5888,Casadei,C,C/T,Torino,IN_LISTONE,13,20,Prestige Worldwide,fb920f3a,Cesare Casadei,https://fbref.com/en/players/fb920f3a/Cesare-Casadei,Casadei Torino fbref,https://fbref.com/en/search/search.fcgi?search=Casadei%20Torino%20fbref,batch-02,90,42,confirmed,0.98,2026-06-05,V374,"Nome listone cognome: associato a Cesare Casadei, Torino. Batch-02 verificato manualmente su FBref."
fc-4896,4896,Maldini,C,T/A,Lazio,IN_LISTONE,10,20,As Paperopoli,,,,Maldini Lazio fbref,https://fbref.com/en/search/search.fcgi?search=Maldini%20Lazio%20fbref,batch-05,206,32,needs-review,,,,
fc-4287,4287,Lobotka,C,M/C,Napoli,IN_LISTONE,10,20,River Plaid,,,,Lobotka Napoli fbref,https://fbref.com/en/search/search.fcgi?search=Lobotka%20Napoli%20fbref,batch-03,128,39,needs-review,,,,
fc-4220,4220,Zambo Anguissa,C,M/C,Napoli,IN_LISTONE,15,20,Beetlejuice,,,,Zambo Anguissa Napoli fbref,https://fbref.com/en/search/search.fcgi?search=Zambo%20Anguissa%20Napoli%20fbref,batch-04,154,37,needs-review,,,,
fc-4360,4360,Caprile,P,Por,Cagliari,IN_LISTONE,12,20,Prestige Worldwide,97d7afbd,Elia Caprile,https://fbref.com/en/players/97d7afbd/Elia-Caprile,Caprile Cagliari fbref,https://fbref.com/en/search/search.fcgi?search=Caprile%20Cagliari%20fbref,batch-02,78,44,confirmed,0.98,2026-06-05,V374,"Nome listone cognome: associato a Elia Caprile, Cagliari. Batch-02 verificato manualmente su FBref."
fc-572,572,Meret,P,Por,Napoli,IN_LISTONE,8,20,Olympic Salerno  FC,,,,Meret Napoli fbref,https://fbref.com/en/search/search.fcgi?search=Meret%20Napoli%20fbref,batch-06,256,27,needs-review,,,,
fc-5422,5422,Zalewski,C,E/W,Atalanta,IN_LISTONE,14,19,Real Pisistrius,45191c29,Nicola Zalewski,https://fbref.com/en/players/45191c29/Nicola-Zalewski,Zalewski Atalanta fbref,https://fbref.com/en/search/search.fcgi?search=Zalewski%20Atalanta%20fbref,batch-02,100,42,confirmed,0.98,2026-06-05,V374,"Nome listone cognome: associato a Nicola Zalewski, Atalanta. Batch-02 verificato manualmente su FBref."
fc-2160,2160,Gosens,D,E,Fiorentina,IN_LISTONE,11,19,Beetlejuice,,,,Gosens Fiorentina fbref,https://fbref.com/en/search/search.fcgi?search=Gosens%20Fiorentina%20fbref,batch-04,163,36,needs-review,,,,
fc-7342,7342,Elphege,A,Pc,Parma,IN_LISTONE,6,18,,,,,Elphege Parma fbref,https://fbref.com/en/search/search.fcgi?search=Elphege%20Parma%20fbref,batch-08,390,12,needs-review,,,,
fc-6380,6380,Solomon,A,W/A,Fiorentina,IN_LISTONE,8,18,Afc Severgas Baronissi,,,,Solomon Fiorentina fbref,https://fbref.com/en/search/search.fcgi?search=Solomon%20Fiorentina%20fbref,batch-06,260,27,needs-review,,,,
fc-6898,6898,Keita M.,C,M/C,Parma,IN_LISTONE,11,18,As Paperopoli,,,,Keita M Parma fbref,https://fbref.com/en/search/search.fcgi?search=Keita%20M%20Parma%20fbref,batch-03,104,41,needs-review,,,,
fc-5036,5036,Caqueret,C,C/T,Como,IN_LISTONE,13,18,River Plaid,,,,Caqueret Como fbref,https://fbref.com/en/search/search.fcgi?search=Caqueret%20Como%20fbref,batch-03,122,39,needs-review,,,,
fc-4686,4686,Fofana Y.,C,M/C,Milan,IN_LISTONE,10,18,Real Pisistrius,,,,Fofana Y Milan fbref,https://fbref.com/en/search/search.fcgi?search=Fofana%20Y%20Milan%20fbref,batch-03,126,39,needs-review,,,,
fc-7155,7155,Muharemovic,D,Dc,Sassuolo,IN_LISTONE,8,18,real mappine,,,,Muharemovic Sassuolo fbref,https://fbref.com/en/search/search.fcgi?search=Muharemovic%20Sassuolo%20fbref,batch-04,165,36,needs-review,,,,
fc-6893,6893,Kempf,D,Dc,Como,IN_LISTONE,16,18,Beetlejuice,815c314f,Marc-Oliver Kempf,https://fbref.com/en/players/815c314f/Marc-Oliver-Kempf,Kempf Como fbref,https://fbref.com/en/search/search.fcgi?search=Kempf%20Como%20fbref,batch-02,86,43,confirmed,0.98,2026-06-05,V374,"Nome listone Kempf: associato a Marc-Oliver Kempf, Como. Batch-02 verificato manualmente su FBref."
fc-5620,5620,Tavares N.,D,Ds/E,Lazio,IN_LISTONE,6,18,Ac Milan,,,,Tavares N Lazio fbref,https://fbref.com/en/search/search.fcgi?search=Tavares%20N%20Lazio%20fbref,batch-05,242,29,needs-review,,,,
fc-554,554,Zappacosta,D,E,Atalanta,IN_LISTONE,12,18,River Plaid,,,,Zappacosta Atalanta fbref,https://fbref.com/en/search/search.fcgi?search=Zappacosta%20Atalanta%20fbref,batch-03,101,42,needs-review,,,,
fc-6190,6190,Pisilli,C,C,Roma,IN_LISTONE,14,17,As Paperopoli,,,,Pisilli Roma fbref,https://fbref.com/en/search/search.fcgi?search=Pisilli%20Roma%20fbref,batch-03,149,37,needs-review,,,,
fc-5735,5735,Volpato,C,W/T,Sassuolo,IN_LISTONE,13,17,FC DueFratelli2005,,,,Volpato Sassuolo fbref,https://fbref.com/en/search/search.fcgi?search=Volpato%20Sassuolo%20fbref,batch-04,173,36,needs-review,,,,
fc-333,333,Cataldi,C,M/C,Lazio,IN_LISTONE,11,17,River Plaid,,,,Cataldi Lazio fbref,https://fbref.com/en/search/search.fcgi?search=Cataldi%20Lazio%20fbref,batch-03,141,37,needs-review,,,,
fc-6986,6986,Rensch,D,B/Dd/E,Roma,IN_LISTONE,13,17,Afc Severgas Baronissi,,,,Rensch Roma fbref,https://fbref.com/en/search/search.fcgi?search=Rensch%20Roma%20fbref,batch-04,183,35,needs-review,,,,
fc-6867,6867,Valle,D,Ds/E,Como,IN_LISTONE,10,17,Afc Severgas Baronissi,,,,Valle Como fbref,https://fbref.com/en/search/search.fcgi?search=Valle%20Como%20fbref,batch-04,186,35,needs-review,,,,
fc-6550,6550,Garcia U.,D,B/Ds/E,Sassuolo,IN_LISTONE,8,17,,,,,Garcia U Sassuolo fbref,https://fbref.com/en/search/search.fcgi?search=Garcia%20U%20Sassuolo%20fbref,batch-08,366,16,needs-review,,,,
fc-5520,5520,Cambiaso,D,E,Juventus,IN_LISTONE,9,17,Prestige Worldwide,,,,Cambiaso Juventus fbref,https://fbref.com/en/search/search.fcgi?search=Cambiaso%20Juventus%20fbref,batch-03,121,39,needs-review,,,,
fc-7329,7329,Obrador,D,Ds/E,Torino,IN_LISTONE,10,16,,,,,Obrador Torino fbref,https://fbref.com/en/search/search.fcgi?search=Obrador%20Torino%20fbref,batch-07,325,20,needs-review,,,,
fc-5833,5833,Gila,D,Dc,Lazio,IN_LISTONE,8,16,,,,,Gila Lazio fbref,https://fbref.com/en/search/search.fcgi?search=Gila%20Lazio%20fbref,batch-06,265,26,needs-review,,,,
fc-460,460,Romagnoli,D,Dc,Lazio,IN_LISTONE,8,16,Ac Milan,,,,Romagnoli Lazio fbref,https://fbref.com/en/search/search.fcgi?search=Romagnoli%20Lazio%20fbref,batch-04,168,36,needs-review,,,,
fc-7374,7374,Mendy P.,A,Pc,Cagliari,IN_LISTONE,5,15,,,,,Mendy P Cagliari fbref,https://fbref.com/en/search/search.fcgi?search=Mendy%20P%20Cagliari%20fbref,batch-09,407,11,needs-review,,,,
fc-6669,6669,Bonny,A,Pc,Inter,IN_LISTONE,20,15,River Plaid,64629ba4,Ange-Yoan Bonny,https://fbref.com/en/players/64629ba4/Ange-Yoan-Bonny,Bonny Inter fbref,https://fbref.com/en/search/search.fcgi?search=Bonny%20Inter%20fbref,batch-02,60,46,confirmed,0.98,2026-06-05,V374,"Nome listone cognome: associato a Ange-Yoan Bonny, Inter. Batch-02 verificato manualmente su FBref."
fc-6552,6552,Orban G.,A,Pc,Verona,IN_LISTONE,14,15,As Paperopoli,,,,Orban G Verona fbref,https://fbref.com/en/search/search.fcgi?search=Orban%20G%20Verona%20fbref,batch-03,115,40,needs-review,,,,
fc-6243,6243,Borrelli,A,Pc,Cagliari,IN_LISTONE,11,15,Ac Milan,,,,Borrelli Cagliari fbref,https://fbref.com/en/search/search.fcgi?search=Borrelli%20Cagliari%20fbref,batch-04,158,36,needs-review,,,,
fc-5336,5336,Nzola,A,Pc,Sassuolo,IN_LISTONE,10,15,Beetlejuice,,,,Nzola Sassuolo fbref,https://fbref.com/en/search/search.fcgi?search=Nzola%20Sassuolo%20fbref,batch-04,166,36,needs-review,,,,
fc-4359,4359,Piccoli,A,Pc,Fiorentina,IN_LISTONE,9,15,Beetlejuice,,,,Piccoli Fiorentina fbref,https://fbref.com/en/search/search.fcgi?search=Piccoli%20Fiorentina%20fbref,batch-04,181,35,needs-review,,,,
fc-608,608,Zapata D.,A,Pc,Torino,IN_LISTONE,8,15,River Plaid,,,,Zapata D Torino fbref,https://fbref.com/en/search/search.fcgi?search=Zapata%20D%20Torino%20fbref,batch-05,211,32,needs-review,,,,
fc-7133,7133,Vandeputte,C,W/T,Cremonese,IN_LISTONE,11,15,Real Pisistrius,,,,Vandeputte Cremonese fbref,https://fbref.com/en/search/search.fcgi?search=Vandeputte%20Cremonese%20fbref,batch-03,132,39,needs-review,,,,
fc-6831,6831,Neres,C,W/A,Napoli,IN_LISTONE,10,15,Beetlejuice,,,,Neres Napoli fbref,https://fbref.com/en/search/search.fcgi?search=Neres%20Napoli%20fbref,batch-05,225,30,needs-review,,,,
fc-6680,6680,Karlstrom,C,M/C,Udinese,IN_LISTONE,9,15,,,,,Karlstrom Udinese fbref,https://fbref.com/en/search/search.fcgi?search=Karlstrom%20Udinese%20fbref,batch-05,240,29,needs-review,,,,
fc-5823,5823,Baldanzi,C,T/A,Genoa,IN_LISTONE,9,15,Ac Milan,,,,Baldanzi Genoa fbref,https://fbref.com/en/search/search.fcgi?search=Baldanzi%20Genoa%20fbref,batch-05,220,30,needs-review,,,,
fc-5791,5791,Frendrup,C,M/C,Genoa,IN_LISTONE,9,15,Olympic Salerno  FC,,,,Frendrup Genoa fbref,https://fbref.com/en/search/search.fcgi?search=Frendrup%20Genoa%20fbref,batch-03,127,39,needs-review,,,,
fc-4947,4947,Brescianini,C,C/T,Fiorentina,IN_LISTONE,10,15,real mappine,,,,Brescianini Fiorentina fbref,https://fbref.com/en/search/search.fcgi?search=Brescianini%20Fiorentina%20fbref,batch-05,213,31,needs-review,,,,
fc-4364,4364,Gaetano,C,T,Cagliari,IN_LISTONE,13,15,FC DueFratelli2005,,,,Gaetano Cagliari fbref,https://fbref.com/en/search/search.fcgi?search=Gaetano%20Cagliari%20fbref,batch-03,103,41,needs-review,,,,
fc-4349,4349,Nicolussi Caviglia,C,M/C,Parma,IN_LISTONE,8,15,River Plaid,,,,Nicolussi Caviglia Parma fbref,https://fbref.com/en/search/search.fcgi?search=Nicolussi%20Caviglia%20Parma%20fbref,batch-05,208,32,needs-review,,,,
fc-6496,6496,Bartesaghi,D,Ds/E,Milan,IN_LISTONE,10,15,Real Pisistrius,,,,Bartesaghi Milan fbref,https://fbref.com/en/search/search.fcgi?search=Bartesaghi%20Milan%20fbref,batch-03,134,38,needs-review,,,,
fc-5877,5877,Carlos Augusto,D,B/Ds/E,Inter,IN_LISTONE,10,15,Beetlejuice,,,,Carlos Augusto Inter fbref,https://fbref.com/en/search/search.fcgi?search=Carlos%20Augusto%20Inter%20fbref,batch-04,160,36,needs-review,,,,
fc-5555,5555,Kamara H.,D,Ds/E,Udinese,IN_LISTONE,6,15,Real Pisistrius,,,,Kamara H Udinese fbref,https://fbref.com/en/search/search.fcgi?search=Kamara%20H%20Udinese%20fbref,batch-05,217,31,needs-review,,,,
fc-4502,4502,Gallo,D,Ds/E,Lecce,IN_LISTONE,10,15,,,,,Gallo Lecce fbref,https://fbref.com/en/search/search.fcgi?search=Gallo%20Lecce%20fbref,batch-05,215,31,needs-review,,,,
fc-7337,7337,Motta,P,Por,Lazio,IN_LISTONE,5,15,,,,,Motta Lazio fbref,https://fbref.com/en/search/search.fcgi?search=Motta%20Lazio%20fbref,batch-08,396,12,needs-review,,,,
fc-2814,2814,Provedel,P,Por,Lazio,IN_LISTONE,11,15,Real Pisistrius,,,,Provedel Lazio fbref,https://fbref.com/en/search/search.fcgi?search=Provedel%20Lazio%20fbref,batch-03,150,37,needs-review,,,,
fc-6629,6629,Dele-Bashiru,C,C/T,Lazio,IN_LISTONE,6,14,River Plaid,,,,Dele-Bashiru Lazio fbref,https://fbref.com/en/search/search.fcgi?search=Dele-Bashiru%20Lazio%20fbref,batch-05,233,29,needs-review,,,,
fc-6252,6252,Folorunsho,C,C/T,Cagliari,IN_LISTONE,10,14,,,,,Folorunsho Cagliari fbref,https://fbref.com/en/search/search.fcgi?search=Folorunsho%20Cagliari%20fbref,batch-06,269,25,needs-review,,,,
fc-2765,2765,Odgaard,C,T/A,Bologna,IN_LISTONE,13,14,Beetlejuice,,,,Odgaard Bologna fbref,https://fbref.com/en/search/search.fcgi?search=Odgaard%20Bologna%20fbref,batch-04,167,36,needs-review,,,,
fc-2529,2529,Mkhitaryan,C,C/T,Inter,IN_LISTONE,14,14,Afc Severgas Baronissi,,,,Mkhitaryan Inter fbref,https://fbref.com/en/search/search.fcgi?search=Mkhitaryan%20Inter%20fbref,batch-03,114,40,needs-review,,,,
fc-2077,2077,Pasalic,C,C/T,Atalanta,IN_LISTONE,12,14,Beetlejuice,,,,Pasalic Atalanta fbref,https://fbref.com/en/search/search.fcgi?search=Pasalic%20Atalanta%20fbref,batch-03,116,40,needs-review,,,,
fc-788,788,Freuler,C,M/C,Bologna,IN_LISTONE,8,14,As Paperopoli,,,,Freuler Bologna fbref,https://fbref.com/en/search/search.fcgi?search=Freuler%20Bologna%20fbref,batch-04,189,34,needs-review,,,,
fc-7240,7240,Siebert,D,Dc,Lecce,IN_LISTONE,6,14,,,,,Siebert Lecce fbref,https://fbref.com/en/search/search.fcgi?search=Siebert%20Lecce%20fbref,batch-08,352,18,needs-review,,,,
fc-6814,6814,Norton-Cuffy,D,Dd/E,Genoa,IN_LISTONE,7,14,FC DueFratelli2005,,,,Norton-Cuffy Genoa fbref,https://fbref.com/en/search/search.fcgi?search=Norton-Cuffy%20Genoa%20fbref,batch-04,197,33,needs-review,,,,
fc-6485,6485,Kristensen T.,D,Dd/Dc,Udinese,IN_LISTONE,11,14,Olympic Salerno  FC,,,,Kristensen T Udinese fbref,https://fbref.com/en/search/search.fcgi?search=Kristensen%20T%20Udinese%20fbref,batch-03,144,37,needs-review,,,,
fc-5840,5840,Olivera,D,Ds/E,Napoli,IN_LISTONE,5,14,Prestige Worldwide,,,,Olivera Napoli fbref,https://fbref.com/en/search/search.fcgi?search=Olivera%20Napoli%20fbref,batch-05,249,28,needs-review,,,,
fc-5010,5010,Ismajli,D,Dc,Torino,IN_LISTONE,6,14,,,,,Ismajli Torino fbref,https://fbref.com/en/search/search.fcgi?search=Ismajli%20Torino%20fbref,batch-07,322,20,needs-review,,,,
fc-4657,4657,Celik,D,B/Dd/E,Roma,IN_LISTONE,14,14,FC DueFratelli2005,31a62dc7,Zeki Çelik,https://fbref.com/en/players/31a62dc7/Zeki-Celik,Celik Roma fbref,https://fbref.com/en/search/search.fcgi?search=Celik%20Roma%20fbref,batch-02,91,42,confirmed,0.98,2026-06-05,V374,"Nome listone Celik: associato a Zeki Çelik, Roma. Batch-02 verificato manualmente su FBref."
fc-4401,4401,Gabbia,D,Dc,Milan,IN_LISTONE,5,14,Olympic Salerno  FC,,,,Gabbia Milan fbref,https://fbref.com/en/search/search.fcgi?search=Gabbia%20Milan%20fbref,batch-05,202,32,needs-review,,,,
fc-6462,6462,Okoye,P,Por,Udinese,IN_LISTONE,14,14,Ac Milan,,,,Okoye Udinese fbref,https://fbref.com/en/search/search.fcgi?search=Okoye%20Udinese%20fbref,batch-03,106,41,needs-review,,,,
fc-133,133,Skorupski,P,Por,Bologna,IN_LISTONE,11,14,Prestige Worldwide,,,,Skorupski Bologna fbref,https://fbref.com/en/search/search.fcgi?search=Skorupski%20Bologna%20fbref,batch-05,209,32,needs-review,,,,
fc-7318,7318,Gandelman,C,C/T,Lecce,IN_LISTONE,9,13,Afc Severgas Baronissi,,,,Gandelman Lecce fbref,https://fbref.com/en/search/search.fcgi?search=Gandelman%20Lecce%20fbref,batch-05,237,29,needs-review,,,,
fc-6549,6549,Pierotti,C,W/A,Lecce,IN_LISTONE,7,13,,,,,Pierotti Lecce fbref,https://fbref.com/en/search/search.fcgi?search=Pierotti%20Lecce%20fbref,batch-05,250,28,needs-review,,,,
fc-6486,6486,Suslov,C,W/T,Verona,IN_LISTONE,4,13,,,,,Suslov Verona fbref,https://fbref.com/en/search/search.fcgi?search=Suslov%20Verona%20fbref,batch-09,411,11,needs-review,,,,
fc-6394,6394,Ramadani,C,M/C,Lecce,IN_LISTONE,8,13,,,,,Ramadani Lecce fbref,https://fbref.com/en/search/search.fcgi?search=Ramadani%20Lecce%20fbref,batch-05,241,29,needs-review,,,,
fc-6274,6274,Diouf,C,C,Inter,IN_LISTONE,7,13,,,,,Diouf Inter fbref,https://fbref.com/en/search/search.fcgi?search=Diouf%20Inter%20fbref,batch-08,376,14,needs-review,,,,
fc-5453,5453,Ricci S.,C,M/C,Milan,IN_LISTONE,11,13,Beetlejuice,,,,Ricci S Milan fbref,https://fbref.com/en/search/search.fcgi?search=Ricci%20S%20Milan%20fbref,batch-04,152,37,needs-review,,,,
fc-5298,5298,Pobega,C,M/C,Bologna,IN_LISTONE,8,13,,,,,Pobega Bologna fbref,https://fbref.com/en/search/search.fcgi?search=Pobega%20Bologna%20fbref,batch-07,306,22,needs-review,,,,
fc-4870,4870,Adopo,C,M/C,Cagliari,IN_LISTONE,8,13,Olympic Salerno  FC,,,,Adopo Cagliari fbref,https://fbref.com/en/search/search.fcgi?search=Adopo%20Cagliari%20fbref,batch-03,119,39,needs-review,,,,
fc-4479,4479,Elmas,C,W/T,Napoli,IN_LISTONE,7,13,FC DueFratelli2005,,,,Elmas Napoli fbref,https://fbref.com/en/search/search.fcgi?search=Elmas%20Napoli%20fbref,batch-04,193,33,needs-review,,,,
fc-2528,2528,Matic,C,M/C,Sassuolo,IN_LISTONE,8,13,,,,,Matic Sassuolo fbref,https://fbref.com/en/search/search.fcgi?search=Matic%20Sassuolo%20fbref,batch-06,255,27,needs-review,,,,
fc-7143,7143,Angori,D,Ds/E,Pisa,IN_LISTONE,9,13,,,,,Angori Pisa fbref,https://fbref.com/en/search/search.fcgi?search=Angori%20Pisa%20fbref,batch-05,228,29,needs-review,,,,
fc-6990,6990,Veiga D.,D,Dd/E,Lecce,IN_LISTONE,5,13,,,,,Veiga D Lecce fbref,https://fbref.com/en/search/search.fcgi?search=Veiga%20D%20Lecce%20fbref,batch-06,275,25,needs-review,,,,
fc-6663,6663,Circati,D,Dc,Parma,IN_LISTONE,8,13,Prestige Worldwide,,,,Circati Parma fbref,https://fbref.com/en/search/search.fcgi?search=Circati%20Parma%20fbref,batch-04,161,36,needs-review,,,,
fc-5835,5835,Baschirotto,D,Dc,Cremonese,IN_LISTONE,9,13,Beetlejuice,,,,Baschirotto Cremonese fbref,https://fbref.com/en/search/search.fcgi?search=Baschirotto%20Cremonese%20fbref,batch-04,156,36,needs-review,,,,
fc-5701,5701,Obert,D,Ds/Dc,Cagliari,IN_LISTONE,7,13,,,,,Obert Cagliari fbref,https://fbref.com/en/search/search.fcgi?search=Obert%20Cagliari%20fbref,batch-06,267,26,needs-review,,,,
fc-2724,2724,Buongiorno,D,Dc,Napoli,IN_LISTONE,8,13,Real Pisistrius,,,,Buongiorno Napoli fbref,https://fbref.com/en/search/search.fcgi?search=Buongiorno%20Napoli%20fbref,batch-04,159,36,needs-review,,,,
fc-787,787,Djimsiti,D,Dc,Atalanta,IN_LISTONE,7,13,As Paperopoli,,,,Djimsiti Atalanta fbref,https://fbref.com/en/search/search.fcgi?search=Djimsiti%20Atalanta%20fbref,batch-04,162,36,needs-review,,,,
fc-7252,7252,Stulic,A,Pc,Lecce,IN_LISTONE,8,12,real mappine,,,,Stulic Lecce fbref,https://fbref.com/en/search/search.fcgi?search=Stulic%20Lecce%20fbref,batch-04,184,35,needs-review,,,,
fc-7008,7008,Gimenez,A,Pc,Milan,IN_LISTONE,12,12,Ac Milan,,,,Gimenez Milan fbref,https://fbref.com/en/search/search.fcgi?search=Gimenez%20Milan%20fbref,batch-05,203,32,needs-review,,,,
fc-6365,6365,Ferguson E.,A,Pc,Roma,IN_LISTONE,10,12,Afc Severgas Baronissi,,,,Ferguson E Roma fbref,https://fbref.com/en/search/search.fcgi?search=Ferguson%20E%20Roma%20fbref,batch-05,235,29,needs-review,,,,
fc-5506,5506,Ekuban,A,A,Genoa,IN_LISTONE,12,12,real mappine,,,,Ekuban Genoa fbref,https://fbref.com/en/search/search.fcgi?search=Ekuban%20Genoa%20fbref,batch-03,135,38,needs-review,,,,
fc-5500,5500,Cancellieri,A,W/A,Lazio,IN_LISTONE,11,12,Real Pisistrius,,,,Cancellieri Lazio fbref,https://fbref.com/en/search/search.fcgi?search=Cancellieri%20Lazio%20fbref,batch-03,140,37,needs-review,,,,
fc-2678,2678,Fullkrug,A,Pc,Milan,IN_LISTONE,10,12,Afc Severgas Baronissi,,,,Fullkrug Milan fbref,https://fbref.com/en/search/search.fcgi?search=Fullkrug%20Milan%20fbref,batch-05,201,32,needs-review,,,,
fc-7223,7223,Vergara,C,W/T,Napoli,IN_LISTONE,8,12,River Plaid,,,,Vergara Napoli fbref,https://fbref.com/en/search/search.fcgi?search=Vergara%20Napoli%20fbref,batch-06,288,24,needs-review,,,,
fc-7209,7209,Sorensen O.,C,C,Parma,IN_LISTONE,7,12,,,,,Sorensen O Parma fbref,https://fbref.com/en/search/search.fcgi?search=Sorensen%20O%20Parma%20fbref,batch-06,287,24,needs-review,,,,
fc-7146,7146,Tourè I.,C,E/M,Pisa,IN_LISTONE,5,12,real mappine,,,,Tourè I Pisa fbref,https://fbref.com/en/search/search.fcgi?search=Tour%C3%A8%20I%20Pisa%20fbref,batch-05,210,32,needs-review,,,,
fc-7138,7138,Ordonez C.,C,M/C,Parma,IN_LISTONE,6,12,,,,,Ordonez C Parma fbref,https://fbref.com/en/search/search.fcgi?search=Ordonez%20C%20Parma%20fbref,batch-07,341,19,needs-review,,,,
fc-6980,6980,Venturino,C,W,Roma,IN_LISTONE,2,12,FC DueFratelli2005,,,,Venturino Roma fbref,https://fbref.com/en/search/search.fcgi?search=Venturino%20Roma%20fbref,batch-08,354,18,needs-review,,,,
fc-5992,5992,Bondo,C,M/C,Cremonese,IN_LISTONE,5,12,,,,,Bondo Cremonese fbref,https://fbref.com/en/search/search.fcgi?search=Bondo%20Cremonese%20fbref,batch-07,310,21,needs-review,,,,
fc-5858,5858,Ferguson,C,C/T,Bologna,IN_LISTONE,5,12,,,,,Ferguson Bologna fbref,https://fbref.com/en/search/search.fcgi?search=Ferguson%20Bologna%20fbref,batch-07,335,19,needs-review,,,,
fc-5813,5813,Miretti,C,C/T,Juventus,IN_LISTONE,7,12,Prestige Worldwide,,,,Miretti Juventus fbref,https://fbref.com/en/search/search.fcgi?search=Miretti%20Juventus%20fbref,batch-06,257,27,needs-review,,,,
fc-5784,5784,Aebischer,C,C,Pisa,IN_LISTONE,6,12,Ac Milan,,,,Aebischer Pisa fbref,https://fbref.com/en/search/search.fcgi?search=Aebischer%20Pisa%20fbref,batch-04,155,36,needs-review,,,,
fc-5761,5761,Zhegrova,C,W,Juventus,IN_LISTONE,9,12,real mappine,,,,Zhegrova Juventus fbref,https://fbref.com/en/search/search.fcgi?search=Zhegrova%20Juventus%20fbref,batch-06,261,27,needs-review,,,,
fc-5319,5319,Sohm,C,C,Bologna,IN_LISTONE,4,12,Real Pisistrius,,,,Sohm Bologna fbref,https://fbref.com/en/search/search.fcgi?search=Sohm%20Bologna%20fbref,batch-06,251,28,needs-review,,,,
fc-5301,5301,Luis Henrique,C,E/W,Inter,IN_LISTONE,8,12,,,,,Luis Henrique Inter fbref,https://fbref.com/en/search/search.fcgi?search=Luis%20Henrique%20Inter%20fbref,batch-06,280,24,needs-review,,,,
fc-5131,5131,Gilmour,C,M/C,Napoli,IN_LISTONE,7,12,River Plaid,,,,Gilmour Napoli fbref,https://fbref.com/en/search/search.fcgi?search=Gilmour%20Napoli%20fbref,batch-06,266,26,needs-review,,,,
fc-4970,4970,Messias,C,C/W,Genoa,IN_LISTONE,16,12,,,,,Messias Genoa fbref,https://fbref.com/en/search/search.fcgi?search=Messias%20Genoa%20fbref,batch-05,247,28,needs-review,,,,
fc-4404,4404,Thorsby,C,C/T,Cremonese,IN_LISTONE,12,12,Beetlejuice,,,,Thorsby Cremonese fbref,https://fbref.com/en/search/search.fcgi?search=Thorsby%20Cremonese%20fbref,batch-04,185,35,needs-review,,,,
fc-4284,4284,Sergi Roberto,C,M/C,Como,IN_LISTONE,3,12,,,,,Sergi Roberto Como fbref,https://fbref.com/en/search/search.fcgi?search=Sergi%20Roberto%20Como%20fbref,batch-08,399,12,needs-review,,,,
fc-4199,4199,Loftus-Cheek,C,C/T,Milan,IN_LISTONE,10,12,Real Pisistrius,,,,Loftus-Cheek Milan fbref,https://fbref.com/en/search/search.fcgi?search=Loftus-Cheek%20Milan%20fbref,batch-04,195,33,needs-review,,,,
fc-2334,2334,Leris,C,W,Pisa,IN_LISTONE,10,12,,,,,Leris Pisa fbref,https://fbref.com/en/search/search.fcgi?search=Leris%20Pisa%20fbref,batch-05,246,28,needs-review,,,,
fc-1976,1976,Mazzitelli,C,M/C,Cagliari,IN_LISTONE,10,12,,,,,Mazzitelli Cagliari fbref,https://fbref.com/en/search/search.fcgi?search=Mazzitelli%20Cagliari%20fbref,batch-07,339,19,needs-review,,,,
fc-801,801,Gagliardini,C,M/C,Verona,IN_LISTONE,7,12,,,,,Gagliardini Verona fbref,https://fbref.com/en/search/search.fcgi?search=Gagliardini%20Verona%20fbref,batch-06,279,24,needs-review,,,,
fc-7352,7352,Edmundsson,D,Dc,Verona,IN_LISTONE,6,12,,,,,Edmundsson Verona fbref,https://fbref.com/en/search/search.fcgi?search=Edmundsson%20Verona%20fbref,batch-08,365,16,needs-review,,,,
fc-7235,7235,Troilo,D,Dc,Parma,IN_LISTONE,5,12,,,,,Troilo Parma fbref,https://fbref.com/en/search/search.fcgi?search=Troilo%20Parma%20fbref,batch-08,353,18,needs-review,,,,
fc-7220,7220,Belghali,D,Dd/E,Verona,IN_LISTONE,10,12,Ac Milan,,,,Belghali Verona fbref,https://fbref.com/en/search/search.fcgi?search=Belghali%20Verona%20fbref,batch-04,174,35,needs-review,,,,
fc-7219,7219,Bernasconi,D,E,Atalanta,IN_LISTONE,9,12,As Paperopoli,,,,Bernasconi Atalanta fbref,https://fbref.com/en/search/search.fcgi?search=Bernasconi%20Atalanta%20fbref,batch-04,199,32,needs-review,,,,
fc-7212,7212,Heggem,D,Ds/Dc,Bologna,IN_LISTONE,4,12,As Paperopoli,,,,Heggem Bologna fbref,https://fbref.com/en/search/search.fcgi?search=Heggem%20Bologna%20fbref,batch-05,238,29,needs-review,,,,
fc-7175,7175,Joao Mario,D,E,Bologna,IN_LISTONE,6,12,Olympic Salerno  FC,,,,Joao Mario Bologna fbref,https://fbref.com/en/search/search.fcgi?search=Joao%20Mario%20Bologna%20fbref,batch-06,272,25,needs-review,,,,
fc-7131,7131,Floriani Mussolini,D,Dd/E,Cremonese,IN_LISTONE,5,12,River Plaid,,,,Floriani Mussolini Cremonese fbref,https://fbref.com/en/search/search.fcgi?search=Floriani%20Mussolini%20Cremonese%20fbref,batch-05,236,29,needs-review,,,,
fc-7014,7014,Smolcic I.,D,Dd/Dc,Como,IN_LISTONE,6,12,,,,,Smolcic I Como fbref,https://fbref.com/en/search/search.fcgi?search=Smolcic%20I%20Como%20fbref,batch-07,316,21,needs-review,,,,
fc-7012,7012,Provstgaard,D,Dc,Lazio,IN_LISTONE,7,12,,,,,Provstgaard Lazio fbref,https://fbref.com/en/search/search.fcgi?search=Provstgaard%20Lazio%20fbref,batch-07,315,21,needs-review,,,,
fc-6672,6672,Idzes,D,Dc,Sassuolo,IN_LISTONE,8,12,Afc Severgas Baronissi,,,,Idzes Sassuolo fbref,https://fbref.com/en/search/search.fcgi?search=Idzes%20Sassuolo%20fbref,batch-03,136,38,needs-review,,,,
fc-6660,6660,Marcandalli,D,Dc,Genoa,IN_LISTONE,7,12,Olympic Salerno  FC,,,,Marcandalli Genoa fbref,https://fbref.com/en/search/search.fcgi?search=Marcandalli%20Genoa%20fbref,batch-04,179,35,needs-review,,,,
fc-6642,6642,Coco,D,Dc,Torino,IN_LISTONE,9,12,Beetlejuice,,,,Coco Torino fbref,https://fbref.com/en/search/search.fcgi?search=Coco%20Torino%20fbref,batch-03,123,39,needs-review,,,,
fc-6639,6639,Frese,D,Ds/E,Verona,IN_LISTONE,7,12,,,,,Frese Verona fbref,https://fbref.com/en/search/search.fcgi?search=Frese%20Verona%20fbref,batch-06,270,25,needs-review,,,,
fc-6426,6426,Pedersen,D,Dd/E,Torino,IN_LISTONE,7,12,,,,,Pedersen Torino fbref,https://fbref.com/en/search/search.fcgi?search=Pedersen%20Torino%20fbref,batch-06,294,23,needs-review,,,,
fc-6042,6042,Lucumì,D,Dc,Bologna,IN_LISTONE,7,12,As Paperopoli,,,,Lucumì Bologna fbref,https://fbref.com/en/search/search.fcgi?search=Lucum%C3%AC%20Bologna%20fbref,batch-04,196,33,needs-review,,,,
fc-5603,5603,Pongracic,D,Dc,Fiorentina,IN_LISTONE,5,12,Ac Milan,,,,Pongracic Fiorentina fbref,https://fbref.com/en/search/search.fcgi?search=Pongracic%20Fiorentina%20fbref,batch-04,182,35,needs-review,,,,
fc-5527,5527,Zanoli,D,Dd/E,Udinese,IN_LISTONE,6,12,,,,,Zanoli Udinese fbref,https://fbref.com/en/search/search.fcgi?search=Zanoli%20Udinese%20fbref,batch-08,355,18,needs-review,,,,
fc-5449,5449,Parisi,D,E,Fiorentina,IN_LISTONE,6,12,,,,,Parisi Fiorentina fbref,https://fbref.com/en/search/search.fcgi?search=Parisi%20Fiorentina%20fbref,batch-07,326,20,needs-review,,,,
fc-5427,5427,Gutierrez,D,Ds/E,Napoli,IN_LISTONE,10,12,Ac Milan,,,,Gutierrez Napoli fbref,https://fbref.com/en/search/search.fcgi?search=Gutierrez%20Napoli%20fbref,batch-04,194,33,needs-review,,,,
fc-4994,4994,Vojvoda,D,Dd/E,Como,IN_LISTONE,10,12,River Plaid,,,,Vojvoda Como fbref,https://fbref.com/en/search/search.fcgi?search=Vojvoda%20Como%20fbref,batch-04,172,36,needs-review,,,,
fc-4433,4433,Zortea,D,E,Bologna,IN_LISTONE,8,12,Afc Severgas Baronissi,,,,Zortea Bologna fbref,https://fbref.com/en/search/search.fcgi?search=Zortea%20Bologna%20fbref,batch-04,191,34,needs-review,,,,
fc-4374,4374,Walukiewicz,D,Dd/Dc,Sassuolo,IN_LISTONE,5,12,,,,,Walukiewicz Sassuolo fbref,https://fbref.com/en/search/search.fcgi?search=Walukiewicz%20Sassuolo%20fbref,batch-06,290,24,needs-review,,,,
fc-4210,4210,Mina,D,Dc,Cagliari,IN_LISTONE,9,12,FC DueFratelli2005,,,,Mina Cagliari fbref,https://fbref.com/en/search/search.fcgi?search=Mina%20Cagliari%20fbref,batch-04,190,34,needs-review,,,,
fc-4137,4137,Diego Carlos,D,Dc,Como,IN_LISTONE,8,12,,,,,Diego Carlos Como fbref,https://fbref.com/en/search/search.fcgi?search=Diego%20Carlos%20Como%20fbref,batch-06,292,23,needs-review,,,,
fc-2640,2640,Kolasinac,D,B/Ds/E,Atalanta,IN_LISTONE,7,12,,,,,Kolasinac Atalanta fbref,https://fbref.com/en/search/search.fcgi?search=Kolasinac%20Atalanta%20fbref,batch-07,347,18,needs-review,,,,
fc-2188,2188,Marusic,D,Dd/Ds/E,Lazio,IN_LISTONE,8,12,Real Pisistrius,,,,Marusic Lazio fbref,https://fbref.com/en/search/search.fcgi?search=Marusic%20Lazio%20fbref,batch-03,146,37,needs-review,,,,
fc-393,393,Luperto,D,Dc,Cremonese,IN_LISTONE,8,12,Beetlejuice,,,,Luperto Cremonese fbref,https://fbref.com/en/search/search.fcgi?search=Luperto%20Cremonese%20fbref,batch-03,145,37,needs-review,,,,
fc-6981,6981,Vaz,A,Pc,Roma,IN_LISTONE,8,11,Afc Severgas Baronissi,,,,Vaz Roma fbref,https://fbref.com/en/search/search.fcgi?search=Vaz%20Roma%20fbref,batch-06,297,23,needs-review,,,,
fc-7341,7341,Amorim,C,M/C,Genoa,IN_LISTONE,5,11,,,,,Amorim Genoa fbref,https://fbref.com/en/search/search.fcgi?search=Amorim%20Genoa%20fbref,batch-09,403,11,needs-review,,,,
fc-7331,7331,Loyola,C,M/C,Pisa,IN_LISTONE,5,11,Afc Severgas Baronissi,,,,Loyola Pisa fbref,https://fbref.com/en/search/search.fcgi?search=Loyola%20Pisa%20fbref,batch-07,303,22,needs-review,,,,
fc-7208,7208,Miller L.,C,M/C,Udinese,IN_LISTONE,7,11,,,,,Miller L Udinese fbref,https://fbref.com/en/search/search.fcgi?search=Miller%20L%20Udinese%20fbref,batch-07,350,18,needs-review,,,,
fc-7198,7198,Piotrowski,C,C,Udinese,IN_LISTONE,7,11,,,,,Piotrowski Udinese fbref,https://fbref.com/en/search/search.fcgi?search=Piotrowski%20Udinese%20fbref,batch-06,295,23,needs-review,,,,
fc-7028,7028,Bernede,C,C,Verona,IN_LISTONE,7,11,,,,,Bernede Verona fbref,https://fbref.com/en/search/search.fcgi?search=Bernede%20Verona%20fbref,batch-06,278,24,needs-review,,,,
fc-6593,6593,Akinsanmiro,C,C/T,Pisa,IN_LISTONE,5,11,,,,,Akinsanmiro Pisa fbref,https://fbref.com/en/search/search.fcgi?search=Akinsanmiro%20Pisa%20fbref,batch-07,343,18,needs-review,,,,
fc-6424,6424,Prati,C,M/C,Torino,IN_LISTONE,7,11,,,,,Prati Torino fbref,https://fbref.com/en/search/search.fcgi?search=Prati%20Torino%20fbref,batch-06,285,24,needs-review,,,,
fc-6271,6271,El Aynaoui,C,M/C,Roma,IN_LISTONE,8,11,,,,,El Aynaoui Roma fbref,https://fbref.com/en/search/search.fcgi?search=El%20Aynaoui%20Roma%20fbref,batch-07,319,20,needs-review,,,,
fc-6112,6112,Iling Junior,C,E/W,Pisa,IN_LISTONE,3,11,,,,,Iling Junior Pisa fbref,https://fbref.com/en/search/search.fcgi?search=Iling%20Junior%20Pisa%20fbref,batch-10,451,6,needs-review,,,,
fc-6054,6054,Moro N.,C,M/C,Bologna,IN_LISTONE,9,11,,,,,Moro N Bologna fbref,https://fbref.com/en/search/search.fcgi?search=Moro%20N%20Bologna%20fbref,batch-06,281,24,needs-review,,,,
fc-5685,5685,Koopmeiners,C,C/T,Juventus,IN_LISTONE,4,11,Olympic Salerno  FC,,,,Koopmeiners Juventus fbref,https://fbref.com/en/search/search.fcgi?search=Koopmeiners%20Juventus%20fbref,batch-05,223,30,needs-review,,,,
fc-5295,5295,Musah,C,C/W,Atalanta,IN_LISTONE,5,11,As Paperopoli,,,,Musah Atalanta fbref,https://fbref.com/en/search/search.fcgi?search=Musah%20Atalanta%20fbref,batch-06,282,24,needs-review,,,,
fc-5119,5119,Samardzic,C,T,Atalanta,IN_LISTONE,9,11,Olympic Salerno  FC,,,,Samardzic Atalanta fbref,https://fbref.com/en/search/search.fcgi?search=Samardzic%20Atalanta%20fbref,batch-05,218,31,needs-review,,,,
fc-1871,1871,Deiola,C,M/C,Cagliari,IN_LISTONE,6,11,,,,,Deiola Cagliari fbref,https://fbref.com/en/search/search.fcgi?search=Deiola%20Cagliari%20fbref,batch-08,358,17,needs-review,,,,
fc-795,795,El Shaarawy,C,W,Roma,IN_LISTONE,9,11,,,,,El Shaarawy Roma fbref,https://fbref.com/en/search/search.fcgi?search=El%20Shaarawy%20Roma%20fbref,batch-07,334,19,needs-review,,,,
fc-7274,7274,Zè Pedro,D,Dc,Cagliari,IN_LISTONE,5,11,,,,,Zè Pedro Cagliari fbref,https://fbref.com/en/search/search.fcgi?search=Z%C3%A8%20Pedro%20Cagliari%20fbref,batch-08,364,17,needs-review,,,,
fc-7139,7139,Canestrelli,D,Dc,Pisa,IN_LISTONE,5,11,real mappine,,,,Canestrelli Pisa fbref,https://fbref.com/en/search/search.fcgi?search=Canestrelli%20Pisa%20fbref,batch-04,176,35,needs-review,,,,
fc-7018,7018,Nelsson,D,Dc,Verona,IN_LISTONE,5,11,,,,,Nelsson Verona fbref,https://fbref.com/en/search/search.fcgi?search=Nelsson%20Verona%20fbref,batch-06,274,25,needs-review,,,,
fc-6631,6631,Ghilardi,D,Dc,Roma,IN_LISTONE,8,11,Prestige Worldwide,,,,Ghilardi Roma fbref,https://fbref.com/en/search/search.fcgi?search=Ghilardi%20Roma%20fbref,batch-05,222,30,needs-review,,,,
fc-6495,6495,Comuzzo,D,Dc,Fiorentina,IN_LISTONE,4,11,Afc Severgas Baronissi,,,,Comuzzo Fiorentina fbref,https://fbref.com/en/search/search.fcgi?search=Comuzzo%20Fiorentina%20fbref,batch-06,252,27,needs-review,,,,
fc-5812,5812,Terracciano F.,D,Dd/Ds/E,Cremonese,IN_LISTONE,7,11,real mappine,,,,Terracciano F Cremonese fbref,https://fbref.com/en/search/search.fcgi?search=Terracciano%20F%20Cremonese%20fbref,batch-04,171,36,needs-review,,,,
fc-5532,5532,Bradaric,D,Ds/E,Verona,IN_LISTONE,6,11,,,,,Bradaric Verona fbref,https://fbref.com/en/search/search.fcgi?search=Bradaric%20Verona%20fbref,batch-06,298,22,needs-review,,,,
fc-4887,4887,Bellanova,D,E,Atalanta,IN_LISTONE,6,11,River Plaid,,,,Bellanova Atalanta fbref,https://fbref.com/en/search/search.fcgi?search=Bellanova%20Atalanta%20fbref,batch-05,243,28,needs-review,,,,
fc-4385,4385,Lazaro,D,Dd/E,Torino,IN_LISTONE,4,11,FC DueFratelli2005,,,,Lazaro Torino fbref,https://fbref.com/en/search/search.fcgi?search=Lazaro%20Torino%20fbref,batch-05,224,30,needs-review,,,,
fc-2593,2593,Martin,D,Ds/E,Genoa,IN_LISTONE,10,11,Real Pisistrius,,,,Martin Genoa fbref,https://fbref.com/en/search/search.fcgi?search=Martin%20Genoa%20fbref,batch-04,164,36,needs-review,,,,
fc-761,761,Audero,P,Por,Cremonese,IN_LISTONE,12,11,Olympic Salerno  FC,,,,Audero Cremonese fbref,https://fbref.com/en/search/search.fcgi?search=Audero%20Cremonese%20fbref,batch-03,110,40,needs-review,,,,
fc-7001,7001,N'Dri,A,W/A,Lecce,IN_LISTONE,7,10,Prestige Worldwide,,,,N'Dri Lecce fbref,https://fbref.com/en/search/search.fcgi?search=N'Dri%20Lecce%20fbref,batch-06,258,27,needs-review,,,,
fc-4436,4436,Cambiaghi,A,A,Bologna,IN_LISTONE,12,10,Prestige Worldwide,,,,Cambiaghi Bologna fbref,https://fbref.com/en/search/search.fcgi?search=Cambiaghi%20Bologna%20fbref,batch-04,175,35,needs-review,,,,
fc-2531,2531,Lukaku,A,Pc,Napoli,IN_LISTONE,15,10,River Plaid,,,,Lukaku Napoli fbref,https://fbref.com/en/search/search.fcgi?search=Lukaku%20Napoli%20fbref,batch-06,254,27,needs-review,,,,
fc-479,479,Sanabria,A,Pc,Cremonese,IN_LISTONE,4,10,real mappine,,,,Sanabria Cremonese fbref,https://fbref.com/en/search/search.fcgi?search=Sanabria%20Cremonese%20fbref,batch-06,259,27,needs-review,,,,
fc-441,441,Belotti,A,Pc,Cagliari,IN_LISTONE,5,10,Ac Milan,,,,Belotti Cagliari fbref,https://fbref.com/en/search/search.fcgi?search=Belotti%20Cagliari%20fbref,batch-07,345,18,needs-review,,,,
fc-313,313,Morata,A,Pc,Como,IN_LISTONE,2,10,,,,,Morata Como fbref,https://fbref.com/en/search/search.fcgi?search=Morata%20Como%20fbref,batch-08,394,12,needs-review,,,,
fc-7203,7203,Jashari,C,C,Milan,IN_LISTONE,4,10,Ac Milan,,,,Jashari Milan fbref,https://fbref.com/en/search/search.fcgi?search=Jashari%20Milan%20fbref,batch-07,313,21,needs-review,,,,
fc-7145,7145,Piccinini G.,C,E/M,Pisa,IN_LISTONE,4,10,,,,,Piccinini G Pisa fbref,https://fbref.com/en/search/search.fcgi?search=Piccinini%20G%20Pisa%20fbref,batch-08,370,16,needs-review,,,,
fc-6815,6815,Fadera,C,W,Sassuolo,IN_LISTONE,8,10,Real Pisistrius,,,,Fadera Sassuolo fbref,https://fbref.com/en/search/search.fcgi?search=Fadera%20Sassuolo%20fbref,batch-05,214,31,needs-review,,,,
fc-6575,6575,Zaragoza,C,W/A,Roma,IN_LISTONE,4,10,FC DueFratelli2005,,,,Zaragoza Roma fbref,https://fbref.com/en/search/search.fcgi?search=Zaragoza%20Roma%20fbref,batch-08,363,17,needs-review,,,,
fc-6458,6458,Serdar,C,C,Verona,IN_LISTONE,6,10,,,,,Serdar Verona fbref,https://fbref.com/en/search/search.fcgi?search=Serdar%20Verona%20fbref,batch-08,371,16,needs-review,,,,
fc-6218,6218,Oristanio,C,W/T/A,Parma,IN_LISTONE,4,10,FC DueFratelli2005,,,,Oristanio Parma fbref,https://fbref.com/en/search/search.fcgi?search=Oristanio%20Parma%20fbref,batch-06,283,24,needs-review,,,,
fc-6024,6024,Sulemana I.,C,M/C,Cagliari,IN_LISTONE,6,10,As Paperopoli,,,,Sulemana I Cagliari fbref,https://fbref.com/en/search/search.fcgi?search=Sulemana%20I%20Cagliari%20fbref,batch-06,268,26,needs-review,,,,
fc-6020,6020,Ellertsson,C,C/W,Genoa,IN_LISTONE,8,10,As Paperopoli,,,,Ellertsson Genoa fbref,https://fbref.com/en/search/search.fcgi?search=Ellertsson%20Genoa%20fbref,batch-03,143,37,needs-review,,,,
fc-6010,6010,Fazzini,C,C/T,Fiorentina,IN_LISTONE,3,10,Afc Severgas Baronissi,,,,Fazzini Fiorentina fbref,https://fbref.com/en/search/search.fcgi?search=Fazzini%20Fiorentina%20fbref,batch-07,320,20,needs-review,,,,
fc-5688,5688,Harroui,C,W/T,Verona,IN_LISTONE,4,10,,,,,Harroui Verona fbref,https://fbref.com/en/search/search.fcgi?search=Harroui%20Verona%20fbref,batch-08,381,14,needs-review,,,,
fc-5318,5318,Tramoni M.,C,W/T,Pisa,IN_LISTONE,6,10,Real Pisistrius,,,,Tramoni M Pisa fbref,https://fbref.com/en/search/search.fcgi?search=Tramoni%20M%20Pisa%20fbref,batch-05,227,30,needs-review,,,,
fc-5286,5286,Akpa Akpro,C,M/C,Verona,IN_LISTONE,5,10,,,,,Akpa Akpro Verona fbref,https://fbref.com/en/search/search.fcgi?search=Akpa%20Akpro%20Verona%20fbref,batch-08,356,17,needs-review,,,,
fc-2848,2848,Frattesi,C,C/T,Inter,IN_LISTONE,4,10,Prestige Worldwide,,,,Frattesi Inter fbref,https://fbref.com/en/search/search.fcgi?search=Frattesi%20Inter%20fbref,batch-07,301,22,needs-review,,,,
fc-7268,7268,Rodriguez Ju.,D,Ds/Dc,Cagliari,IN_LISTONE,4,10,,,,,Rodriguez Ju Cagliari fbref,https://fbref.com/en/search/search.fcgi?search=Rodriguez%20Ju%20Cagliari%20fbref,batch-08,387,13,needs-review,,,,
fc-7253,7253,Bella-Kotchap,D,Dc,Verona,IN_LISTONE,3,10,,,,,Bella-Kotchap Verona fbref,https://fbref.com/en/search/search.fcgi?search=Bella-Kotchap%20Verona%20fbref,batch-08,384,13,needs-review,,,,
fc-6916,6916,Ahanor,D,B/Ds/E,Atalanta,IN_LISTONE,4,10,FC DueFratelli2005,,,,Ahanor Atalanta fbref,https://fbref.com/en/search/search.fcgi?search=Ahanor%20Atalanta%20fbref,batch-06,262,26,needs-review,,,,
fc-6632,6632,Gaspar K.,D,Dc,Lecce,IN_LISTONE,2,10,,,,,Gaspar K Lecce fbref,https://fbref.com/en/search/search.fcgi?search=Gaspar%20K%20Lecce%20fbref,batch-08,379,14,needs-review,,,,
fc-6202,6202,Beukema,D,Dc,Napoli,IN_LISTONE,10,10,Beetlejuice,,,,Beukema Napoli fbref,https://fbref.com/en/search/search.fcgi?search=Beukema%20Napoli%20fbref,batch-04,200,32,needs-review,,,,
fc-6047,6047,Ehizibue,D,Dd/E,Udinese,IN_LISTONE,7,10,,,,,Ehizibue Udinese fbref,https://fbref.com/en/search/search.fcgi?search=Ehizibue%20Udinese%20fbref,batch-07,312,21,needs-review,,,,
fc-6046,6046,Hien,D,Dc,Atalanta,IN_LISTONE,6,10,Olympic Salerno  FC,,,,Hien Atalanta fbref,https://fbref.com/en/search/search.fcgi?search=Hien%20Atalanta%20fbref,batch-05,216,31,needs-review,,,,
fc-6013,6013,Barbieri,D,Dd/Ds/E,Cremonese,IN_LISTONE,6,10,,,,,Barbieri Cremonese fbref,https://fbref.com/en/search/search.fcgi?search=Barbieri%20Cremonese%20fbref,batch-07,318,20,needs-review,,,,
fc-5851,5851,Doig,D,Ds/E,Sassuolo,IN_LISTONE,4,10,Afc Severgas Baronissi,,,,Doig Sassuolo fbref,https://fbref.com/en/search/search.fcgi?search=Doig%20Sassuolo%20fbref,batch-05,234,29,needs-review,,,,
fc-5739,5739,De Winter,D,Dd/Dc,Milan,IN_LISTONE,6,10,As Paperopoli,,,,De Winter Milan fbref,https://fbref.com/en/search/search.fcgi?search=De%20Winter%20Milan%20fbref,batch-05,232,29,needs-review,,,,
fc-5435,5435,Moreno Alb.,D,Ds/E,Como,IN_LISTONE,9,10,Afc Severgas Baronissi,,,,Moreno Alb Como fbref,https://fbref.com/en/search/search.fcgi?search=Moreno%20Alb%20Como%20fbref,batch-05,248,28,needs-review,,,,
fc-5307,5307,Valenti,D,Dc,Parma,IN_LISTONE,5,10,,,,,Valenti Parma fbref,https://fbref.com/en/search/search.fcgi?search=Valenti%20Parma%20fbref,batch-07,329,20,needs-review,,,,
fc-4378,4378,Ranieri L.,D,Ds/Dc,Fiorentina,IN_LISTONE,6,10,River Plaid,,,,Ranieri L Fiorentina fbref,https://fbref.com/en/search/search.fcgi?search=Ranieri%20L%20Fiorentina%20fbref,batch-04,198,33,needs-review,,,,
fc-2653,2653,Lykogiannis,D,Ds/E,Bologna,IN_LISTONE,2,10,,,,,Lykogiannis Bologna fbref,https://fbref.com/en/search/search.fcgi?search=Lykogiannis%20Bologna%20fbref,batch-09,437,7,needs-review,,,,
fc-2273,2273,Caracciolo A.,D,Dc,Pisa,IN_LISTONE,6,10,Beetlejuice,,,,Caracciolo A Pisa fbref,https://fbref.com/en/search/search.fcgi?search=Caracciolo%20A%20Pisa%20fbref,batch-04,177,35,needs-review,,,,
fc-791,791,Sabelli,D,Dd/Ds/E,Genoa,IN_LISTONE,3,10,,,,,Sabelli Genoa fbref,https://fbref.com/en/search/search.fcgi?search=Sabelli%20Genoa%20fbref,batch-09,409,11,needs-review,,,,
fc-770,770,Pezzella Giu.,D,Ds/E,Cremonese,IN_LISTONE,4,10,,,,,Pezzella Giu Cremonese fbref,https://fbref.com/en/search/search.fcgi?search=Pezzella%20Giu%20Cremonese%20fbref,batch-07,314,21,needs-review,,,,
fc-513,513,Acerbi,D,Dc,Inter,IN_LISTONE,5,10,Prestige Worldwide,,,,Acerbi Inter fbref,https://fbref.com/en/search/search.fcgi?search=Acerbi%20Inter%20fbref,batch-06,276,24,needs-review,,,,
fc-327,327,Patric,D,Dd/Dc,Lazio,IN_LISTONE,3,10,,,,,Patric Lazio fbref,https://fbref.com/en/search/search.fcgi?search=Patric%20Lazio%20fbref,batch-09,426,9,needs-review,,,,
fc-294,294,Rugani,D,Dc,Fiorentina,IN_LISTONE,2,10,,,,,Rugani Fiorentina fbref,https://fbref.com/en/search/search.fcgi?search=Rugani%20Fiorentina%20fbref,batch-09,441,7,needs-review,,,,
fc-256,256,Juan Jesus,D,Ds/Dc,Napoli,IN_LISTONE,4,10,,,,,Juan Jesus Napoli fbref,https://fbref.com/en/search/search.fcgi?search=Juan%20Jesus%20Napoli%20fbref,batch-08,368,16,needs-review,,,,
fc-7332,7332,Bijlow,P,Por,Genoa,IN_LISTONE,10,10,River Plaid,,,,Bijlow Genoa fbref,https://fbref.com/en/search/search.fcgi?search=Bijlow%20Genoa%20fbref,batch-05,229,29,needs-review,,,,
fc-218,218,Perin,P,Por,Juventus,IN_LISTONE,8,10,As Paperopoli,,,,Perin Juventus fbref,https://fbref.com/en/search/search.fcgi?search=Perin%20Juventus%20fbref,batch-06,284,24,needs-review,,,,
fc-7349,7349,Kulenovic,A,Pc,Torino,IN_LISTONE,4,9,As Paperopoli,,,,Kulenovic Torino fbref,https://fbref.com/en/search/search.fcgi?search=Kulenovic%20Torino%20fbref,batch-07,337,19,needs-review,,,,
fc-7316,7316,Durosinmi,A,Pc,Pisa,IN_LISTONE,10,9,FC DueFratelli2005,,,,Durosinmi Pisa fbref,https://fbref.com/en/search/search.fcgi?search=Durosinmi%20Pisa%20fbref,batch-06,264,26,needs-review,,,,
fc-7313,7313,Ratkov,A,Pc,Lazio,IN_LISTONE,9,9,Beetlejuice,,,,Ratkov Lazio fbref,https://fbref.com/en/search/search.fcgi?search=Ratkov%20Lazio%20fbref,batch-06,286,24,needs-review,,,,
fc-7128,7128,Kuhn,A,W/A,Como,IN_LISTONE,5,9,As Paperopoli,,,,Kuhn Como fbref,https://fbref.com/en/search/search.fcgi?search=Kuhn%20Como%20fbref,batch-06,293,23,needs-review,,,,
fc-7127,7127,Addai,A,W/A,Como,IN_LISTONE,6,9,FC DueFratelli2005,,,,Addai Como fbref,https://fbref.com/en/search/search.fcgi?search=Addai%20Como%20fbref,batch-06,291,23,needs-review,,,,
fc-6836,6836,Meister,A,Pc,Pisa,IN_LISTONE,5,9,,,,,Meister Pisa fbref,https://fbref.com/en/search/search.fcgi?search=Meister%20Pisa%20fbref,batch-07,324,20,needs-review,,,,
fc-6643,6643,Dallinga,A,Pc,Bologna,IN_LISTONE,6,9,As Paperopoli,,,,Dallinga Bologna fbref,https://fbref.com/en/search/search.fcgi?search=Dallinga%20Bologna%20fbref,batch-06,253,27,needs-review,,,,
fc-5672,5672,Dia,A,Pc,Lazio,IN_LISTONE,6,9,Afc Severgas Baronissi,,,,Dia Lazio fbref,https://fbref.com/en/search/search.fcgi?search=Dia%20Lazio%20fbref,batch-05,221,30,needs-review,,,,
fc-7246,7246,Sala A.,C,C,Lecce,IN_LISTONE,1,9,,,,,Sala A Lecce fbref,https://fbref.com/en/search/search.fcgi?search=Sala%20A%20Lecce%20fbref,batch-10,475,4,needs-review,,,,
fc-6984,6984,Ondrejka,C,W/A,Parma,IN_LISTONE,3,9,Olympic Salerno  FC,,,,Ondrejka Parma fbref,https://fbref.com/en/search/search.fcgi?search=Ondrejka%20Parma%20fbref,batch-07,304,22,needs-review,,,,
fc-6889,6889,Anjorin,C,C/T,Torino,IN_LISTONE,2,9,As Paperopoli,,,,Anjorin Torino fbref,https://fbref.com/en/search/search.fcgi?search=Anjorin%20Torino%20fbref,batch-07,344,18,needs-review,,,,
fc-6206,6206,Fabbian,C,C/T,Fiorentina,IN_LISTONE,6,9,As Paperopoli,,,,Fabbian Fiorentina fbref,https://fbref.com/en/search/search.fcgi?search=Fabbian%20Fiorentina%20fbref,batch-05,245,28,needs-review,,,,
fc-6170,6170,Gineitis,C,C,Torino,IN_LISTONE,7,9,,,,,Gineitis Torino fbref,https://fbref.com/en/search/search.fcgi?search=Gineitis%20Torino%20fbref,batch-07,302,22,needs-review,,,,
fc-6015,6015,Berisha M.,C,C/T,Lecce,IN_LISTONE,7,9,real mappine,,,,Berisha M Lecce fbref,https://fbref.com/en/search/search.fcgi?search=Berisha%20M%20Lecce%20fbref,batch-06,277,24,needs-review,,,,
fc-5998,5998,Zerbin,C,E/W,Cremonese,IN_LISTONE,6,9,,,,,Zerbin Cremonese fbref,https://fbref.com/en/search/search.fcgi?search=Zerbin%20Cremonese%20fbref,batch-07,308,22,needs-review,,,,
fc-5850,5850,Lovric,C,C,Verona,IN_LISTONE,3,9,River Plaid,,,,Lovric Verona fbref,https://fbref.com/en/search/search.fcgi?search=Lovric%20Verona%20fbref,batch-07,338,19,needs-review,,,,
fc-5610,5610,Vranckx,C,M/C,Sassuolo,IN_LISTONE,1,9,,,,,Vranckx Sassuolo fbref,https://fbref.com/en/search/search.fcgi?search=Vranckx%20Sassuolo%20fbref,batch-09,428,9,needs-review,,,,
fc-5540,5540,Niasse,C,M/C,Verona,IN_LISTONE,2,9,,,,,Niasse Verona fbref,https://fbref.com/en/search/search.fcgi?search=Niasse%20Verona%20fbref,batch-09,408,11,needs-review,,,,
fc-4890,4890,Tameze,C,M/C,Torino,IN_LISTONE,1,9,,,,,Tameze Torino fbref,https://fbref.com/en/search/search.fcgi?search=Tameze%20Torino%20fbref,batch-09,412,11,needs-review,,,,
fc-2839,2839,Sottil,C,W/A,Lecce,IN_LISTONE,8,9,FC DueFratelli2005,,,,Sottil Lecce fbref,https://fbref.com/en/search/search.fcgi?search=Sottil%20Lecce%20fbref,batch-05,226,30,needs-review,,,,
fc-7356,7356,Mlacic,D,Dc,Udinese,IN_LISTONE,2,9,,,,,Mlacic Udinese fbref,https://fbref.com/en/search/search.fcgi?search=Mlacic%20Udinese%20fbref,batch-10,463,5,needs-review,,,,
fc-7260,7260,Ziolkowski,D,Dc,Roma,IN_LISTONE,2,9,,,,,Ziolkowski Roma fbref,https://fbref.com/en/search/search.fcgi?search=Ziolkowski%20Roma%20fbref,batch-09,433,8,needs-review,,,,
fc-7211,7211,Athekame,D,Dd/E,Milan,IN_LISTONE,11,9,Real Pisistrius,,,,Athekame Milan fbref,https://fbref.com/en/search/search.fcgi?search=Athekame%20Milan%20fbref,batch-05,212,31,needs-review,,,,
fc-7125,7125,Idrissi R.,D,Ds/E,Cagliari,IN_LISTONE,5,9,As Paperopoli,,,,Idrissi R Cagliari fbref,https://fbref.com/en/search/search.fcgi?search=Idrissi%20R%20Cagliari%20fbref,batch-06,271,25,needs-review,,,,
fc-7069,7069,Fortini,D,E,Fiorentina,IN_LISTONE,2,9,As Paperopoli,,,,Fortini Fiorentina fbref,https://fbref.com/en/search/search.fcgi?search=Fortini%20Fiorentina%20fbref,batch-07,336,19,needs-review,,,,
fc-6977,6977,Otoa,D,Dc,Genoa,IN_LISTONE,2,9,,,,,Otoa Genoa fbref,https://fbref.com/en/search/search.fcgi?search=Otoa%20Genoa%20fbref,batch-09,431,8,needs-review,,,,
fc-6039,6039,Cabal,D,B/Ds/E,Juventus,IN_LISTONE,6,9,real mappine,,,,Cabal Juventus fbref,https://fbref.com/en/search/search.fcgi?search=Cabal%20Juventus%20fbref,batch-06,299,22,needs-review,,,,
fc-5820,5820,Bertola,D,Dc,Udinese,IN_LISTONE,5,9,,,,,Bertola Udinese fbref,https://fbref.com/en/search/search.fcgi?search=Bertola%20Udinese%20fbref,batch-07,331,19,needs-review,,,,
fc-5498,5498,Casale,D,Dc,Bologna,IN_LISTONE,1,9,,,,,Casale Bologna fbref,https://fbref.com/en/search/search.fcgi?search=Casale%20Bologna%20fbref,batch-09,434,7,needs-review,,,,
fc-4263,4263,Kabasele,D,Dc,Udinese,IN_LISTONE,10,9,Beetlejuice,,,,Kabasele Udinese fbref,https://fbref.com/en/search/search.fcgi?search=Kabasele%20Udinese%20fbref,batch-04,178,35,needs-review,,,,
fc-2728,2728,Pellegrini Lu.,D,Ds/E,Lazio,IN_LISTONE,5,9,,,,,Pellegrini Lu Lazio fbref,https://fbref.com/en/search/search.fcgi?search=Pellegrini%20Lu%20Lazio%20fbref,batch-08,351,18,needs-review,,,,
fc-2263,2263,Lazzari,D,Dd/E,Lazio,IN_LISTONE,3,9,,,,,Lazzari Lazio fbref,https://fbref.com/en/search/search.fcgi?search=Lazzari%20Lazio%20fbref,batch-08,385,13,needs-review,,,,
fc-612,612,Bianchetti,D,Dc,Cremonese,IN_LISTONE,4,9,,,,,Bianchetti Cremonese fbref,https://fbref.com/en/search/search.fcgi?search=Bianchetti%20Cremonese%20fbref,batch-07,332,19,needs-review,,,,
fc-322,322,De Vrij,D,Dc,Inter,IN_LISTONE,3,9,Prestige Worldwide,,,,De Vrij Inter fbref,https://fbref.com/en/search/search.fcgi?search=De%20Vrij%20Inter%20fbref,batch-07,346,18,needs-review,,,,
fc-5320,5320,Paleari,P,Por,Torino,IN_LISTONE,9,9,Real Pisistrius,,,,Paleari Torino fbref,https://fbref.com/en/search/search.fcgi?search=Paleari%20Torino%20fbref,batch-04,180,35,needs-review,,,,
fc-7249,7249,Buksa,A,Pc,Udinese,IN_LISTONE,7,8,,,,,Buksa Udinese fbref,https://fbref.com/en/search/search.fcgi?search=Buksa%20Udinese%20fbref,batch-07,333,19,needs-review,,,,
fc-7183,7183,Aboukhlal,A,A,Torino,IN_LISTONE,1,8,,,,,Aboukhlal Torino fbref,https://fbref.com/en/search/search.fcgi?search=Aboukhlal%20Torino%20fbref,batch-09,430,8,needs-review,,,,
fc-7162,7162,Giovane,A,A,Napoli,IN_LISTONE,13,8,Real Pisistrius,,,,Giovane Napoli fbref,https://fbref.com/en/search/search.fcgi?search=Giovane%20Napoli%20fbref,batch-03,112,40,needs-review,,,,
fc-7161,7161,Bayo V.,A,Pc,Udinese,IN_LISTONE,2,8,,,,,Bayo V Udinese fbref,https://fbref.com/en/search/search.fcgi?search=Bayo%20V%20Udinese%20fbref,batch-09,423,9,needs-review,,,,
fc-6895,6895,Dominguez B.,A,W/A,Bologna,IN_LISTONE,3,8,,,,,Dominguez B Bologna fbref,https://fbref.com/en/search/search.fcgi?search=Dominguez%20B%20Bologna%20fbref,batch-09,417,10,needs-review,,,,
fc-6822,6822,Ekhator,A,A,Genoa,IN_LISTONE,10,8,real mappine,,,,Ekhator Genoa fbref,https://fbref.com/en/search/search.fcgi?search=Ekhator%20Genoa%20fbref,batch-04,188,34,needs-review,,,,
fc-6675,6675,Dovbyk,A,Pc,Roma,IN_LISTONE,10,8,real mappine,,,,Dovbyk Roma fbref,https://fbref.com/en/search/search.fcgi?search=Dovbyk%20Roma%20fbref,batch-05,244,28,needs-review,,,,
fc-6630,6630,Mosquera,A,Pc,Verona,IN_LISTONE,4,8,,,,,Mosquera Verona fbref,https://fbref.com/en/search/search.fcgi?search=Mosquera%20Verona%20fbref,batch-08,395,12,needs-review,,,,
fc-6519,6519,Camarda,A,Pc,Lecce,IN_LISTONE,2,8,Olympic Salerno  FC,,,,Camarda Lecce fbref,https://fbref.com/en/search/search.fcgi?search=Camarda%20Lecce%20fbref,batch-06,300,22,needs-review,,,,
fc-6314,6314,Openda,A,Pc,Juventus,IN_LISTONE,4,8,Afc Severgas Baronissi,,,,Openda Juventus fbref,https://fbref.com/en/search/search.fcgi?search=Openda%20Juventus%20fbref,batch-07,305,22,needs-review,,,,
fc-6159,6159,Sarr A.,A,A,Verona,IN_LISTONE,4,8,,,,,Sarr A Verona fbref,https://fbref.com/en/search/search.fcgi?search=Sarr%20A%20Verona%20fbref,batch-07,327,20,needs-review,,,,
fc-5471,5471,Djuric,A,Pc,Cremonese,IN_LISTONE,5,8,,,,,Djuric Cremonese fbref,https://fbref.com/en/search/search.fcgi?search=Djuric%20Cremonese%20fbref,batch-09,404,11,needs-review,,,,
fc-7276,7276,Cremaschi,C,C,Parma,IN_LISTONE,1,8,,,,,Cremaschi Parma fbref,https://fbref.com/en/search/search.fcgi?search=Cremaschi%20Parma%20fbref,batch-10,479,3,needs-review,,,,
fc-7254,7254,Lorran,C,T,Pisa,IN_LISTONE,3,8,,,,,Lorran Pisa fbref,https://fbref.com/en/search/search.fcgi?search=Lorran%20Pisa%20fbref,batch-10,453,6,needs-review,,,,
fc-7157,7157,Iannoni,C,C,Sassuolo,IN_LISTONE,3,8,,,,,Iannoni Sassuolo fbref,https://fbref.com/en/search/search.fcgi?search=Iannoni%20Sassuolo%20fbref,batch-09,436,7,needs-review,,,,
fc-7149,7149,Marin M.,C,M/C,Pisa,IN_LISTONE,2,8,,,,,Marin M Pisa fbref,https://fbref.com/en/search/search.fcgi?search=Marin%20M%20Pisa%20fbref,batch-08,386,13,needs-review,,,,
fc-7132,7132,Collocolo,C,M/C,Cremonese,IN_LISTONE,2,8,,,,,Collocolo Cremonese fbref,https://fbref.com/en/search/search.fcgi?search=Collocolo%20Cremonese%20fbref,batch-09,446,6,needs-review,,,,
fc-6481,6481,Payero,C,C,Cremonese,IN_LISTONE,5,8,,,,,Payero Cremonese fbref,https://fbref.com/en/search/search.fcgi?search=Payero%20Cremonese%20fbref,batch-07,342,19,needs-review,,,,
fc-6246,6246,Lipani,C,M/C,Sassuolo,IN_LISTONE,6,8,,,,,Lipani Sassuolo fbref,https://fbref.com/en/search/search.fcgi?search=Lipani%20Sassuolo%20fbref,batch-07,348,18,needs-review,,,,
fc-6005,6005,Ilkhan,C,C/T,Torino,IN_LISTONE,7,8,,,,,Ilkhan Torino fbref,https://fbref.com/en/search/search.fcgi?search=Ilkhan%20Torino%20fbref,batch-08,360,17,needs-review,,,,
fc-5561,5561,Stengs,C,W/T,Pisa,IN_LISTONE,1,8,,,,,Stengs Pisa fbref,https://fbref.com/en/search/search.fcgi?search=Stengs%20Pisa%20fbref,batch-10,489,3,needs-review,,,,
fc-5290,5290,Estevez,C,M/C,Parma,IN_LISTONE,5,8,,,,,Estevez Parma fbref,https://fbref.com/en/search/search.fcgi?search=Estevez%20Parma%20fbref,batch-08,359,17,needs-review,,,,
fc-5007,5007,Ilic,C,C,Torino,IN_LISTONE,1,8,,,,,Ilic Torino fbref,https://fbref.com/en/search/search.fcgi?search=Ilic%20Torino%20fbref,batch-09,450,6,needs-review,,,,
fc-4711,4711,Kostic,C,E/W,Juventus,IN_LISTONE,9,8,,,,,Kostic Juventus fbref,https://fbref.com/en/search/search.fcgi?search=Kostic%20Juventus%20fbref,batch-08,373,15,needs-review,,,,
fc-4459,4459,Rovella,C,M/C,Lazio,IN_LISTONE,2,8,,,,,Rovella Lazio fbref,https://fbref.com/en/search/search.fcgi?search=Rovella%20Lazio%20fbref,batch-09,427,9,needs-review,,,,
fc-27,27,Grassi,C,M/C,Cremonese,IN_LISTONE,5,8,,,,,Grassi Cremonese fbref,https://fbref.com/en/search/search.fcgi?search=Grassi%20Cremonese%20fbref,batch-07,321,20,needs-review,,,,
fc-7335,7335,Zatterstrom,D,Dc,Genoa,IN_LISTONE,3,8,,,,,Zatterstrom Genoa fbref,https://fbref.com/en/search/search.fcgi?search=Zatterstrom%20Genoa%20fbref,batch-10,467,5,needs-review,,,,
fc-7325,7325,Bozhinov,D,Dc,Pisa,IN_LISTONE,1,8,,,,,Bozhinov Pisa fbref,https://fbref.com/en/search/search.fcgi?search=Bozhinov%20Pisa%20fbref,batch-09,443,6,needs-review,,,,
fc-7255,7255,Britschgi,D,Dd/Ds/E,Parma,IN_LISTONE,4,8,FC DueFratelli2005,,,,Britschgi Parma fbref,https://fbref.com/en/search/search.fcgi?search=Britschgi%20Parma%20fbref,batch-05,230,29,needs-review,,,,
fc-7130,7130,Folino,D,Dc,Cremonese,IN_LISTONE,4,8,,,,,Folino Cremonese fbref,https://fbref.com/en/search/search.fcgi?search=Folino%20Cremonese%20fbref,batch-09,405,11,needs-review,,,,
fc-6957,6957,Valentini N.,D,Dc,Verona,IN_LISTONE,3,8,,,,,Valentini N Verona fbref,https://fbref.com/en/search/search.fcgi?search=Valentini%20N%20Verona%20fbref,batch-08,382,14,needs-review,,,,
fc-6896,6896,Van Der Brempt,D,Dd/E,Como,IN_LISTONE,5,8,,,,,Van Der Brempt Como fbref,https://fbref.com/en/search/search.fcgi?search=Van%20Der%20Brempt%20Como%20fbref,batch-08,388,13,needs-review,,,,
fc-6809,6809,Marianucci,D,Dc,Torino,IN_LISTONE,3,8,,,,,Marianucci Torino fbref,https://fbref.com/en/search/search.fcgi?search=Marianucci%20Torino%20fbref,batch-09,419,10,needs-review,,,,
fc-6230,6230,Dossena,D,Dc,Cagliari,IN_LISTONE,5,8,,,,,Dossena Cagliari fbref,https://fbref.com/en/search/search.fcgi?search=Dossena%20Cagliari%20fbref,batch-08,389,12,needs-review,,,,
fc-6211,6211,Zemura,D,Ds/E,Udinese,IN_LISTONE,3,8,,,,,Zemura Udinese fbref,https://fbref.com/en/search/search.fcgi?search=Zemura%20Udinese%20fbref,batch-09,402,12,needs-review,,,,
fc-5831,5831,Gatti,D,Dc,Juventus,IN_LISTONE,5,8,,,,,Gatti Juventus fbref,https://fbref.com/en/search/search.fcgi?search=Gatti%20Juventus%20fbref,batch-08,380,14,needs-review,,,,
fc-5678,5678,Holm,D,Dd/E,Juventus,IN_LISTONE,10,8,River Plaid,,,,Holm Juventus fbref,https://fbref.com/en/search/search.fcgi?search=Holm%20Juventus%20fbref,batch-05,239,29,needs-review,,,,
fc-5578,5578,Kossounou,D,Dd/Dc,Atalanta,IN_LISTONE,6,8,Afc Severgas Baronissi,,,,Kossounou Atalanta fbref,https://fbref.com/en/search/search.fcgi?search=Kossounou%20Atalanta%20fbref,batch-06,273,25,needs-review,,,,
fc-5273,5273,Estupinan,D,Ds/E,Milan,IN_LISTONE,2,8,,,,,Estupinan Milan fbref,https://fbref.com/en/search/search.fcgi?search=Estupinan%20Milan%20fbref,batch-09,418,10,needs-review,,,,
fc-5168,5168,Tsimikas,D,Ds/E,Roma,IN_LISTONE,3,8,real mappine,,,,Tsimikas Roma fbref,https://fbref.com/en/search/search.fcgi?search=Tsimikas%20Roma%20fbref,batch-07,317,21,needs-review,,,,
fc-5156,5156,Nkounkou,D,Ds/E,Torino,IN_LISTONE,2,8,,,,,Nkounkou Torino fbref,https://fbref.com/en/search/search.fcgi?search=Nkounkou%20Torino%20fbref,batch-09,439,7,needs-review,,,,
fc-4665,4665,Maripan,D,Dc,Torino,IN_LISTONE,8,8,River Plaid,,,,Maripan Torino fbref,https://fbref.com/en/search/search.fcgi?search=Maripan%20Torino%20fbref,batch-05,207,32,needs-review,,,,
fc-4461,4461,Zappa,D,B/Dd/E,Cagliari,IN_LISTONE,6,8,,,,,Zappa Cagliari fbref,https://fbref.com/en/search/search.fcgi?search=Zappa%20Cagliari%20fbref,batch-07,330,20,needs-review,,,,
fc-2525,2525,Darmian,D,B/Dd/E,Inter,IN_LISTONE,3,8,,,,,Darmian Inter fbref,https://fbref.com/en/search/search.fcgi?search=Darmian%20Inter%20fbref,batch-09,435,7,needs-review,,,,
fc-2279,2279,Romagna,D,Dc,Sassuolo,IN_LISTONE,1,8,,,,,Romagna Sassuolo fbref,https://fbref.com/en/search/search.fcgi?search=Romagna%20Sassuolo%20fbref,batch-10,464,5,needs-review,,,,
fc-697,697,Cuadrado,D,E,Pisa,IN_LISTONE,5,8,,,,,Cuadrado Pisa fbref,https://fbref.com/en/search/search.fcgi?search=Cuadrado%20Pisa%20fbref,batch-08,375,14,needs-review,,,,
fc-487,487,De Silvestri,D,Dd/E,Bologna,IN_LISTONE,3,8,,,,,De Silvestri Bologna fbref,https://fbref.com/en/search/search.fcgi?search=De%20Silvestri%20Bologna%20fbref,batch-09,425,9,needs-review,,,,
fc-388,388,Albiol,D,Dc,Pisa,IN_LISTONE,1,8,,,,,Albiol Pisa fbref,https://fbref.com/en/search/search.fcgi?search=Albiol%20Pisa%20fbref,batch-09,442,6,needs-review,,,,
fc-6641,6641,Suzuki,P,Por,Parma,IN_LISTONE,11,8,,,,,Suzuki Parma fbref,https://fbref.com/en/search/search.fcgi?search=Suzuki%20Parma%20fbref,batch-07,307,22,needs-review,,,,
fc-7344,7344,Stojilkovic,A,Pc,Pisa,IN_LISTONE,4,7,,,,,Stojilkovic Pisa fbref,https://fbref.com/en/search/search.fcgi?search=Stojilkovic%20Pisa%20fbref,batch-09,410,11,needs-review,,,,
fc-7199,7199,Kilicsoy,A,A,Cagliari,IN_LISTONE,13,7,FC DueFratelli2005,,,,Kilicsoy Cagliari fbref,https://fbref.com/en/search/search.fcgi?search=Kilicsoy%20Cagliari%20fbref,batch-05,205,32,needs-review,,,,
fc-6207,6207,Almqvist,A,W/A,Parma,IN_LISTONE,3,7,,,,,Almqvist Parma fbref,https://fbref.com/en/search/search.fcgi?search=Almqvist%20Parma%20fbref,batch-09,422,9,needs-review,,,,
fc-5918,5918,Sulemana K.,A,A,Atalanta,IN_LISTONE,9,7,Real Pisistrius,,,,Sulemana K Atalanta fbref,https://fbref.com/en/search/search.fcgi?search=Sulemana%20K%20Atalanta%20fbref,batch-05,219,31,needs-review,,,,
fc-247,247,Pavoletti,A,Pc,Cagliari,IN_LISTONE,3,7,,,,,Pavoletti Cagliari fbref,https://fbref.com/en/search/search.fcgi?search=Pavoletti%20Cagliari%20fbref,batch-09,440,7,needs-review,,,,
fc-7147,7147,Hojholt,C,M/C,Pisa,IN_LISTONE,3,7,,,,,Hojholt Pisa fbref,https://fbref.com/en/search/search.fcgi?search=Hojholt%20Pisa%20fbref,batch-08,393,12,needs-review,,,,
fc-7036,7036,Bakola,C,C/T,Sassuolo,IN_LISTONE,2,7,,,,,Bakola Sassuolo fbref,https://fbref.com/en/search/search.fcgi?search=Bakola%20Sassuolo%20fbref,batch-10,457,5,needs-review,,,,
fc-7010,7010,Al-Musrati,C,M/C,Verona,IN_LISTONE,2,7,,,,,Al-Musrati Verona fbref,https://fbref.com/en/search/search.fcgi?search=Al-Musrati%20Verona%20fbref,batch-09,415,10,needs-review,,,,
fc-6917,6917,Masini,C,M/C,Genoa,IN_LISTONE,5,7,,,,,Masini Genoa fbref,https://fbref.com/en/search/search.fcgi?search=Masini%20Genoa%20fbref,batch-08,362,17,needs-review,,,,
fc-6640,6640,Felici,C,W,Cagliari,IN_LISTONE,7,7,,,,,Felici Cagliari fbref,https://fbref.com/en/search/search.fcgi?search=Felici%20Cagliari%20fbref,batch-08,378,14,needs-review,,,,
fc-6191,6191,Belahyane,C,M/C,Lazio,IN_LISTONE,3,7,,,,,Belahyane Lazio fbref,https://fbref.com/en/search/search.fcgi?search=Belahyane%20Lazio%20fbref,batch-09,416,10,needs-review,,,,
fc-5872,5872,Helgason,C,C/T,Lecce,IN_LISTONE,2,7,real mappine,,,,Helgason Lecce fbref,https://fbref.com/en/search/search.fcgi?search=Helgason%20Lecce%20fbref,batch-08,372,15,needs-review,,,,
fc-7326,7326,Helland,D,Dd/Dc,Bologna,IN_LISTONE,2,7,,,,,Helland Bologna fbref,https://fbref.com/en/search/search.fcgi?search=Helland%20Bologna%20fbref,batch-09,449,6,needs-review,,,,
fc-7182,7182,Ndaba,D,Ds/E,Lecce,IN_LISTONE,1,7,,,,,Ndaba Lecce fbref,https://fbref.com/en/search/search.fcgi?search=Ndaba%20Lecce%20fbref,batch-09,438,7,needs-review,,,,
fc-7068,7068,Vitik,D,Dc,Bologna,IN_LISTONE,4,7,As Paperopoli,,,,Vitik Bologna fbref,https://fbref.com/en/search/search.fcgi?search=Vitik%20Bologna%20fbref,batch-06,289,24,needs-review,,,,
fc-7011,7011,Slotsager,D,Dc,Verona,IN_LISTONE,2,7,,,,,Slotsager Verona fbref,https://fbref.com/en/search/search.fcgi?search=Slotsager%20Verona%20fbref,batch-10,455,6,needs-review,,,,
fc-5994,5994,Ebosse,D,Ds/Dc,Torino,IN_LISTONE,5,7,,,,,Ebosse Torino fbref,https://fbref.com/en/search/search.fcgi?search=Ebosse%20Torino%20fbref,batch-08,377,14,needs-review,,,,
fc-5481,5481,Mazzocchi,D,Dd/Ds/E,Napoli,IN_LISTONE,4,7,,,,,Mazzocchi Napoli fbref,https://fbref.com/en/search/search.fcgi?search=Mazzocchi%20Napoli%20fbref,batch-09,420,10,needs-review,,,,
fc-4772,4772,Angelino,D,E,Roma,IN_LISTONE,7,7,Ac Milan,,,,Angelino Roma fbref,https://fbref.com/en/search/search.fcgi?search=Angelino%20Roma%20fbref,batch-07,309,21,needs-review,,,,
fc-2006,2006,Lirola,D,B/Dd/E,Verona,IN_LISTONE,2,7,,,,,Lirola Verona fbref,https://fbref.com/en/search/search.fcgi?search=Lirola%20Verona%20fbref,batch-10,452,6,needs-review,,,,
fc-1891,1891,Ceccherini,D,Dd/Dc,Cremonese,IN_LISTONE,1,7,,,,,Ceccherini Cremonese fbref,https://fbref.com/en/search/search.fcgi?search=Ceccherini%20Cremonese%20fbref,batch-09,445,6,needs-review,,,,
fc-7345,7345,Przyborek,C,W/T,Lazio,IN_LISTONE,1,6,,,,,Przyborek Lazio fbref,https://fbref.com/en/search/search.fcgi?search=Przyborek%20Lazio%20fbref,batch-10,500,2,needs-review,,,,
fc-7319,7319,Fofana Sa.,C,M/C,Lecce,IN_LISTONE,1,6,,,,,Fofana Sa Lecce fbref,https://fbref.com/en/search/search.fcgi?search=Fofana%20Sa%20Lecce%20fbref,batch-10,481,3,needs-review,,,,
fc-7165,7165,Liteta,C,M/C,Cagliari,IN_LISTONE,1,6,,,,,Liteta Cagliari fbref,https://fbref.com/en/search/search.fcgi?search=Liteta%20Cagliari%20fbref,batch-10,470,4,needs-review,,,,
fc-7150,7150,Vural,C,C,Pisa,IN_LISTONE,3,6,,,,,Vural Pisa fbref,https://fbref.com/en/search/search.fcgi?search=Vural%20Pisa%20fbref,batch-09,414,11,needs-review,,,,
fc-6212,6212,Zarraga,C,M/C,Udinese,IN_LISTONE,3,6,,,,,Zarraga Udinese fbref,https://fbref.com/en/search/search.fcgi?search=Zarraga%20Udinese%20fbref,batch-09,429,9,needs-review,,,,
fc-7222,7222,Cham,D,Dd/Ds/E,Verona,IN_LISTONE,2,6,,,,,Cham Verona fbref,https://fbref.com/en/search/search.fcgi?search=Cham%20Verona%20fbref,batch-10,460,5,needs-review,,,,
fc-2745,2745,Calabresi,D,B/Dd/E,Pisa,IN_LISTONE,3,6,,,,,Calabresi Pisa fbref,https://fbref.com/en/search/search.fcgi?search=Calabresi%20Pisa%20fbref,batch-08,357,17,needs-review,,,,
fc-418,418,Goldaniga,D,Dc,Como,IN_LISTONE,1,6,,,,,Goldaniga Como fbref,https://fbref.com/en/search/search.fcgi?search=Goldaniga%20Como%20fbref,batch-10,493,2,needs-review,,,,
fc-4236,4236,Muric,P,Por,Sassuolo,IN_LISTONE,10,6,As Paperopoli,,,,Muric Sassuolo fbref,https://fbref.com/en/search/search.fcgi?search=Muric%20Sassuolo%20fbref,batch-03,147,37,needs-review,,,,
fc-7213,7213,Frigan,A,Pc,Parma,IN_LISTONE,1,5,FC DueFratelli2005,,,,Frigan Parma fbref,https://fbref.com/en/search/search.fcgi?search=Frigan%20Parma%20fbref,batch-08,391,12,needs-review,,,,
fc-6555,6555,Moumbagna,A,Pc,Cremonese,IN_LISTONE,2,5,,,,,Moumbagna Cremonese fbref,https://fbref.com/en/search/search.fcgi?search=Moumbagna%20Cremonese%20fbref,batch-10,454,6,needs-review,,,,
fc-5515,5515,Okereke,A,A,Cremonese,IN_LISTONE,10,5,,,,,Okereke Cremonese fbref,https://fbref.com/en/search/search.fcgi?search=Okereke%20Cremonese%20fbref,batch-08,369,16,needs-review,,,,
fc-2012,2012,Milik,A,Pc,Juventus,IN_LISTONE,1,5,,,,,Milik Juventus fbref,https://fbref.com/en/search/search.fcgi?search=Milik%20Juventus%20fbref,batch-10,485,3,needs-review,,,,
fc-7357,7357,Lahdo,C,C/T,Como,IN_LISTONE,1,5,,,,,Lahdo Como fbref,https://fbref.com/en/search/search.fcgi?search=Lahdo%20Como%20fbref,batch-10,496,2,needs-review,,,,
fc-5457,5457,Maleh,C,M/C,Cremonese,IN_LISTONE,5,5,,,,,Maleh Cremonese fbref,https://fbref.com/en/search/search.fcgi?search=Maleh%20Cremonese%20fbref,batch-08,361,17,needs-review,,,,
fc-4677,4677,Cornet,C,W,Genoa,IN_LISTONE,2,5,,,,,Cornet Genoa fbref,https://fbref.com/en/search/search.fcgi?search=Cornet%20Genoa%20fbref,batch-09,447,6,needs-review,,,,
fc-7271,7271,Odogu,D,Dc,Milan,IN_LISTONE,1,5,,,,,Odogu Milan fbref,https://fbref.com/en/search/search.fcgi?search=Odogu%20Milan%20fbref,batch-10,497,2,needs-review,,,,
fc-7202,7202,Ndiaye,D,Dc,Parma,IN_LISTONE,2,5,Real Pisistrius,,,,Ndiaye Parma fbref,https://fbref.com/en/search/search.fcgi?search=Ndiaye%20Parma%20fbref,batch-07,340,19,needs-review,,,,
fc-6985,6985,Candè,D,Ds/Dc,Sassuolo,IN_LISTONE,1,5,,,,,Candè Sassuolo fbref,https://fbref.com/en/search/search.fcgi?search=Cand%C3%A8%20Sassuolo%20fbref,batch-09,444,6,needs-review,,,,
fc-6870,6870,Faye,D,Dc,Cremonese,IN_LISTONE,1,5,,,,,Faye Cremonese fbref,https://fbref.com/en/search/search.fcgi?search=Faye%20Cremonese%20fbref,batch-09,448,6,needs-review,,,,
fc-252,252,Biraghi,D,Ds/E,Torino,IN_LISTONE,2,5,,,,,Biraghi Torino fbref,https://fbref.com/en/search/search.fcgi?search=Biraghi%20Torino%20fbref,batch-09,424,9,needs-review,,,,
fc-6662,6662,Corvi,P,Por,Parma,IN_LISTONE,9,5,As Paperopoli,,,,Corvi Parma fbref,https://fbref.com/en/search/search.fcgi?search=Corvi%20Parma%20fbref,batch-05,231,29,needs-review,,,,
fc-4957,4957,Montipò,P,Por,Verona,IN_LISTONE,12,5,Ac Milan,,,,Montipò Verona fbref,https://fbref.com/en/search/search.fcgi?search=Montip%C3%B2%20Verona%20fbref,batch-03,105,41,needs-review,,,,
fc-4867,4867,Turati,P,Por,Sassuolo,IN_LISTONE,8,5,,,,,Turati Sassuolo fbref,https://fbref.com/en/search/search.fcgi?search=Turati%20Sassuolo%20fbref,batch-09,401,12,needs-review,,,,
fc-6827,6827,Njie,A,A,Torino,IN_LISTONE,6,4,,,,,Njie Torino fbref,https://fbref.com/en/search/search.fcgi?search=Njie%20Torino%20fbref,batch-08,398,12,needs-review,,,,
fc-6538,6538,Onana J.,C,M/C,Genoa,IN_LISTONE,1,4,,,,,Onana J Genoa fbref,https://fbref.com/en/search/search.fcgi?search=Onana%20J%20Genoa%20fbref,batch-10,486,3,needs-review,,,,
fc-6219,6219,Boloca,C,M/C,Sassuolo,IN_LISTONE,2,4,,,,,Boloca Sassuolo fbref,https://fbref.com/en/search/search.fcgi?search=Boloca%20Sassuolo%20fbref,batch-10,468,4,needs-review,,,,
fc-5788,5788,Sabiri,C,T,Fiorentina,IN_LISTONE,2,4,,,,,Sabiri Fiorentina fbref,https://fbref.com/en/search/search.fcgi?search=Sabiri%20Fiorentina%20fbref,batch-10,474,4,needs-review,,,,
fc-7377,7377,Balbo,D,Ds/E,Fiorentina,IN_LISTONE,2,4,,,,,Balbo Fiorentina fbref,https://fbref.com/en/search/search.fcgi?search=Balbo%20Fiorentina%20fbref,batch-10,458,5,needs-review,,,,
fc-7196,7196,Denoon,D,Dc,Pisa,IN_LISTONE,1,4,,,,,Denoon Pisa fbref,https://fbref.com/en/search/search.fcgi?search=Denoon%20Pisa%20fbref,batch-10,480,3,needs-review,,,,
fc-7140,7140,Coppola F.,D,Dc,Pisa,IN_LISTONE,1,4,,,,,Coppola F Pisa fbref,https://fbref.com/en/search/search.fcgi?search=Coppola%20F%20Pisa%20fbref,batch-10,461,5,needs-review,,,,
fc-6992,6992,Oyegoke,D,B/Dd/E,Verona,IN_LISTONE,4,4,,,,,Oyegoke Verona fbref,https://fbref.com/en/search/search.fcgi?search=Oyegoke%20Verona%20fbref,batch-09,421,10,needs-review,,,,
fc-6665,6665,Coulibaly W.,D,Dd/Ds/E,Sassuolo,IN_LISTONE,4,4,,,,,Coulibaly W Sassuolo fbref,https://fbref.com/en/search/search.fcgi?search=Coulibaly%20W%20Sassuolo%20fbref,batch-08,374,14,needs-review,,,,
fc-6149,6149,Carboni F.,D,Ds/E,Parma,IN_LISTONE,3,4,,,,,Carboni F Parma fbref,https://fbref.com/en/search/search.fcgi?search=Carboni%20F%20Parma%20fbref,batch-10,459,5,needs-review,,,,
fc-140,140,Hysaj,D,Dd/Ds/E,Lazio,IN_LISTONE,1,4,,,,,Hysaj Lazio fbref,https://fbref.com/en/search/search.fcgi?search=Hysaj%20Lazio%20fbref,batch-10,483,3,needs-review,,,,
fc-7353,7353,Pedro Felipe,D,Dc,Sassuolo,IN_LISTONE,3,3,,,,,Pedro Felipe Sassuolo fbref,https://fbref.com/en/search/search.fcgi?search=Pedro%20Felipe%20Sassuolo%20fbref,batch-10,473,4,needs-review,,,,
fc-7156,7156,Pieragnolo,D,Ds/E,Sassuolo,IN_LISTONE,1,3,,,,,Pieragnolo Sassuolo fbref,https://fbref.com/en/search/search.fcgi?search=Pieragnolo%20Sassuolo%20fbref,batch-11,520,1,needs-review,,,,
fc-6883,6883,Jean,D,Dc,Lecce,IN_LISTONE,2,3,,,,,Jean Lecce fbref,https://fbref.com/en/search/search.fcgi?search=Jean%20Lecce%20fbref,batch-10,462,5,needs-review,,,,
fc-5899,5899,Gigot,D,Dc,Lazio,IN_LISTONE,1,3,,,,,Gigot Lazio fbref,https://fbref.com/en/search/search.fcgi?search=Gigot%20Lazio%20fbref,batch-11,513,1,needs-review,,,,
fc-2861,2861,Semper,P,Por,Pisa,IN_LISTONE,7,3,,,,,Semper Pisa fbref,https://fbref.com/en/search/search.fcgi?search=Semper%20Pisa%20fbref,batch-07,328,20,needs-review,,,,
fc-2722,2722,Ravaglia F.,P,Por,Bologna,IN_LISTONE,4,3,Prestige Worldwide,,,,Ravaglia F Bologna fbref,https://fbref.com/en/search/search.fcgi?search=Ravaglia%20F%20Bologna%20fbref,batch-06,296,23,needs-review,,,,
fc-6645,6645,Marchwinski,C,T,Lecce,IN_LISTONE,1,2,,,,,Marchwinski Lecce fbref,https://fbref.com/en/search/search.fcgi?search=Marchwinski%20Lecce%20fbref,batch-11,515,1,needs-review,,,,
fc-7164,7164,Perez M.,D,Dd/Dc,Lecce,IN_LISTONE,1,2,,,,,Perez M Lecce fbref,https://fbref.com/en/search/search.fcgi?search=Perez%20M%20Lecce%20fbref,batch-10,499,2,needs-review,,,,
fc-7172,7172,Pessina Mas.,P,Por,Bologna,IN_LISTONE,6,2,,,,,Pessina Mas Bologna fbref,https://fbref.com/en/search/search.fcgi?search=Pessina%20Mas%20Bologna%20fbref,batch-09,432,8,needs-review,,,,
fc-7388,7388,Mosconi,A,A,Inter,IN_LISTONE,1,1,,,,,Mosconi Inter fbref,https://fbref.com/en/search/search.fcgi?search=Mosconi%20Inter%20fbref,batch-11,516,1,needs-review,,,,
fc-7381,7381,Mikolajewski,A,Pc,Parma,IN_LISTONE,2,1,,,,,Mikolajewski Parma fbref,https://fbref.com/en/search/search.fcgi?search=Mikolajewski%20Parma%20fbref,batch-10,484,3,needs-review,,,,
fc-7368,7368,Vermesan,A,Pc,Verona,IN_LISTONE,1,1,,,,,Vermesan Verona fbref,https://fbref.com/en/search/search.fcgi?search=Vermesan%20Verona%20fbref,batch-11,504,2,needs-review,,,,
fc-7338,7338,Albarracin,A,A,Cagliari,IN_LISTONE,2,1,,,,,Albarracin Cagliari fbref,https://fbref.com/en/search/search.fcgi?search=Albarracin%20Cagliari%20fbref,batch-10,476,3,needs-review,,,,
fc-7317,7317,Trepy,A,Pc,Cagliari,IN_LISTONE,1,1,,,,,Trepy Cagliari fbref,https://fbref.com/en/search/search.fcgi?search=Trepy%20Cagliari%20fbref,batch-10,490,3,needs-review,,,,
fc-7309,7309,Isaac,A,Pc,Verona,IN_LISTONE,1,1,,,,,Isaac Verona fbref,https://fbref.com/en/search/search.fcgi?search=Isaac%20Verona%20fbref,batch-10,494,2,needs-review,,,,
fc-7277,7277,Arena A.,A,Pc,Roma,IN_LISTONE,1,1,,,,,Arena A Roma fbref,https://fbref.com/en/search/search.fcgi?search=Arena%20A%20Roma%20fbref,batch-10,491,2,needs-review,,,,
fc-7272,7272,Gueye,A,Pc,Udinese,IN_LISTONE,5,1,,,,,Gueye Udinese fbref,https://fbref.com/en/search/search.fcgi?search=Gueye%20Udinese%20fbref,batch-08,392,12,needs-review,,,,
fc-7262,7262,Balentien,A,A,Milan,IN_LISTONE,1,1,,,,,Balentien Milan fbref,https://fbref.com/en/search/search.fcgi?search=Balentien%20Milan%20fbref,batch-11,505,1,needs-review,,,,
fc-7239,7239,Braschi,A,Pc,Fiorentina,IN_LISTONE,2,1,,,,,Braschi Fiorentina fbref,https://fbref.com/en/search/search.fcgi?search=Braschi%20Fiorentina%20fbref,batch-10,477,3,needs-review,,,,
fc-7158,7158,Moro L.,A,Pc,Sassuolo,IN_LISTONE,1,1,,,,,Moro L Sassuolo fbref,https://fbref.com/en/search/search.fcgi?search=Moro%20L%20Sassuolo%20fbref,batch-10,471,4,needs-review,,,,
fc-7322,7322,Ngom,C,M/C,Lecce,IN_LISTONE,5,1,,,,,Ngom Lecce fbref,https://fbref.com/en/search/search.fcgi?search=Ngom%20Lecce%20fbref,batch-08,397,12,needs-review,,,,
fc-7248,7248,Gorter,C,M/C,Lecce,IN_LISTONE,2,1,,,,,Gorter Lecce fbref,https://fbref.com/en/search/search.fcgi?search=Gorter%20Lecce%20fbref,batch-10,482,3,needs-review,,,,
fc-6677,6677,Adzic,C,C/T,Juventus,IN_LISTONE,1,1,Afc Severgas Baronissi,,,,Adzic Juventus fbref,https://fbref.com/en/search/search.fcgi?search=Adzic%20Juventus%20fbref,batch-08,383,13,needs-review,,,,
fc-7346,7346,Raterink,D,Dd/E,Cagliari,IN_LISTONE,1,1,,,,,Raterink Cagliari fbref,https://fbref.com/en/search/search.fcgi?search=Raterink%20Cagliari%20fbref,batch-11,522,1,needs-review,,,,
fc-7312,7312,Arizala,D,Ds/E,Udinese,IN_LISTONE,2,1,,,,,Arizala Udinese fbref,https://fbref.com/en/search/search.fcgi?search=Arizala%20Udinese%20fbref,batch-10,456,5,needs-review,,,,
fc-7238,7238,Kouadio,D,Dc,Fiorentina,IN_LISTONE,1,1,,,,,Kouadio Fiorentina fbref,https://fbref.com/en/search/search.fcgi?search=Kouadio%20Fiorentina%20fbref,batch-10,495,2,needs-review,,,,
fc-7383,7383,Giacomone,P,Por,Lazio,IN_LISTONE,1,1,,,,,Giacomone Lazio fbref,https://fbref.com/en/search/search.fcgi?search=Giacomone%20Lazio%20fbref,batch-11,512,1,needs-review,,,,
fc-7382,7382,Pannozzo,P,Por,Lazio,IN_LISTONE,1,1,,,,,Pannozzo Lazio fbref,https://fbref.com/en/search/search.fcgi?search=Pannozzo%20Lazio%20fbref,batch-11,519,1,needs-review,,,,
fc-7363,7363,Siviero,P,Por,Torino,IN_LISTONE,1,1,,,,,Siviero Torino fbref,https://fbref.com/en/search/search.fcgi?search=Siviero%20Torino%20fbref,batch-11,528,1,needs-review,,,,
fc-7301,7301,Tornqvist,P,Por,Como,IN_LISTONE,1,1,,,,,Tornqvist Como fbref,https://fbref.com/en/search/search.fcgi?search=Tornqvist%20Como%20fbref,batch-11,530,1,needs-review,,,,
fc-7285,7285,Ferrante,P,Por,Napoli,IN_LISTONE,1,1,,,,,Ferrante Napoli fbref,https://fbref.com/en/search/search.fcgi?search=Ferrante%20Napoli%20fbref,batch-11,510,1,needs-review,,,,
fc-7261,7261,Cavlina,P,Por,Como,IN_LISTONE,1,1,,,,,Cavlina Como fbref,https://fbref.com/en/search/search.fcgi?search=Cavlina%20Como%20fbref,batch-11,507,1,needs-review,,,,
fc-7236,7236,Toniolo,P,Por,Verona,IN_LISTONE,1,1,,,,,Toniolo Verona fbref,https://fbref.com/en/search/search.fcgi?search=Toniolo%20Verona%20fbref,batch-11,529,1,needs-review,,,,
fc-7185,7185,Nunziante,P,Por,Udinese,IN_LISTONE,1,1,,,,,Nunziante Udinese fbref,https://fbref.com/en/search/search.fcgi?search=Nunziante%20Udinese%20fbref,batch-11,518,1,needs-review,,,,
fc-7179,7179,Israel,P,Por,Torino,IN_LISTONE,1,1,Real Pisistrius,,,,Israel Torino fbref,https://fbref.com/en/search/search.fcgi?search=Israel%20Torino%20fbref,batch-08,367,16,needs-review,,,,
fc-7169,7169,Zelezny,P,Por,Roma,IN_LISTONE,1,1,,,,,Zelezny Roma fbref,https://fbref.com/en/search/search.fcgi?search=Zelezny%20Roma%20fbref,batch-11,532,1,needs-review,,,,
fc-7042,7042,Calligaris,P,Por,Inter,IN_LISTONE,1,1,,,,,Calligaris Inter fbref,https://fbref.com/en/search/search.fcgi?search=Calligaris%20Inter%20fbref,batch-11,506,1,needs-review,,,,
fc-6991,6991,Siegrist,P,Por,Genoa,IN_LISTONE,1,1,,,,,Siegrist Genoa fbref,https://fbref.com/en/search/search.fcgi?search=Siegrist%20Genoa%20fbref,batch-11,527,1,needs-review,,,,
fc-6842,6842,Sava,P,Por,Udinese,IN_LISTONE,1,1,,,,,Sava Udinese fbref,https://fbref.com/en/search/search.fcgi?search=Sava%20Udinese%20fbref,batch-10,465,5,needs-review,,,,
fc-6813,6813,Torriani,P,Por,Milan,IN_LISTONE,1,1,real mappine,,,,Torriani Milan fbref,https://fbref.com/en/search/search.fcgi?search=Torriani%20Milan%20fbref,batch-09,413,11,needs-review,,,,
fc-6650,6650,Sherri,P,Por,Cagliari,IN_LISTONE,1,1,,,,,Sherri Cagliari fbref,https://fbref.com/en/search/search.fcgi?search=Sherri%20Cagliari%20fbref,batch-11,526,1,needs-review,,,,
fc-6523,6523,Samooja,P,Por,Lecce,IN_LISTONE,1,1,,,,,Samooja Lecce fbref,https://fbref.com/en/search/search.fcgi?search=Samooja%20Lecce%20fbref,batch-11,524,1,needs-review,,,,
fc-6505,6505,Nava,P,Por,Cremonese,IN_LISTONE,1,1,,,,,Nava Cremonese fbref,https://fbref.com/en/search/search.fcgi?search=Nava%20Cremonese%20fbref,batch-11,517,1,needs-review,,,,
fc-6417,6417,Furlanetto,P,Por,Lazio,IN_LISTONE,3,1,,,,,Furlanetto Lazio fbref,https://fbref.com/en/search/search.fcgi?search=Furlanetto%20Lazio%20fbref,batch-10,469,4,needs-review,,,,
fc-6403,6403,Christensen O.,P,Por,Fiorentina,IN_LISTONE,2,1,,,,,Christensen O Fiorentina fbref,https://fbref.com/en/search/search.fcgi?search=Christensen%20O%20Fiorentina%20fbref,batch-10,478,3,needs-review,,,,
fc-5338,5338,Rinaldi,P,Por,Parma,IN_LISTONE,1,1,,,,,Rinaldi Parma fbref,https://fbref.com/en/search/search.fcgi?search=Rinaldi%20Parma%20fbref,batch-11,501,2,needs-review,,,,
fc-5116,5116,Martinez Jo.,P,Por,Inter,IN_LISTONE,5,1,Afc Severgas Baronissi,,,,Martinez Jo Inter fbref,https://fbref.com/en/search/search.fcgi?search=Martinez%20Jo%20Inter%20fbref,batch-07,349,18,needs-review,,,,
fc-4929,4929,Ciocci,P,Por,Cagliari,IN_LISTONE,1,1,,,,,Ciocci Cagliari fbref,https://fbref.com/en/search/search.fcgi?search=Ciocci%20Cagliari%20fbref,batch-11,508,1,needs-review,,,,
fc-2845,2845,Contini,P,Por,Napoli,IN_LISTONE,1,1,,,,,Contini Napoli fbref,https://fbref.com/en/search/search.fcgi?search=Contini%20Napoli%20fbref,batch-11,509,1,needs-review,,,,
fc-2815,2815,Terracciano,P,Por,Milan,IN_LISTONE,1,1,real mappine,,,,Terracciano Milan fbref,https://fbref.com/en/search/search.fcgi?search=Terracciano%20Milan%20fbref,batch-08,400,12,needs-review,,,,
fc-2809,2809,Vigorito,P,Por,Como,IN_LISTONE,1,1,,,,,Vigorito Como fbref,https://fbref.com/en/search/search.fcgi?search=Vigorito%20Como%20fbref,batch-11,531,1,needs-review,,,,
fc-2401,2401,Fruchtl,P,Por,Lecce,IN_LISTONE,1,1,,,,,Fruchtl Lecce fbref,https://fbref.com/en/search/search.fcgi?search=Fruchtl%20Lecce%20fbref,batch-11,511,1,needs-review,,,,
fc-2297,2297,Rossi F.,P,Por,Atalanta,IN_LISTONE,1,1,,,,,Rossi F Atalanta fbref,https://fbref.com/en/search/search.fcgi?search=Rossi%20F%20Atalanta%20fbref,batch-11,523,1,needs-review,,,,
fc-2271,2271,Nicolas,P,Por,Pisa,IN_LISTONE,1,1,,,,,Nicolas Pisa fbref,https://fbref.com/en/search/search.fcgi?search=Nicolas%20Pisa%20fbref,batch-10,472,4,needs-review,,,,
fc-2211,2211,Silvestri,P,Por,Cremonese,IN_LISTONE,1,1,,,,,Silvestri Cremonese fbref,https://fbref.com/en/search/search.fcgi?search=Silvestri%20Cremonese%20fbref,batch-10,488,3,needs-review,,,,
fc-2127,2127,Satalino,P,Por,Sassuolo,IN_LISTONE,1,1,,,,,Satalino Sassuolo fbref,https://fbref.com/en/search/search.fcgi?search=Satalino%20Sassuolo%20fbref,batch-11,525,1,needs-review,,,,
fc-1930,1930,Pinsoglio,P,Por,Juventus,IN_LISTONE,1,1,,,,,Pinsoglio Juventus fbref,https://fbref.com/en/search/search.fcgi?search=Pinsoglio%20Juventus%20fbref,batch-11,521,1,needs-review,,,,
fc-1926,1926,Di Gennaro,P,Por,Inter,IN_LISTONE,1,1,,,,,Di Gennaro Inter fbref,https://fbref.com/en/search/search.fcgi?search=Di%20Gennaro%20Inter%20fbref,batch-10,492,2,needs-review,,,,
fc-610,610,Gollini,P,Por,Roma,IN_LISTONE,1,1,FC DueFratelli2005,,,,Gollini Roma fbref,https://fbref.com/en/search/search.fcgi?search=Gollini%20Roma%20fbref,batch-09,406,11,needs-review,,,,
fc-574,574,Scuffet,P,Por,Pisa,IN_LISTONE,1,1,,,,,Scuffet Pisa fbref,https://fbref.com/en/search/search.fcgi?search=Scuffet%20Pisa%20fbref,batch-10,466,5,needs-review,,,,
fc-543,543,Padelli,P,Por,Udinese,IN_LISTONE,1,1,,,,,Padelli Udinese fbref,https://fbref.com/en/search/search.fcgi?search=Padelli%20Udinese%20fbref,batch-10,498,2,needs-review,,,,
fc-511,511,Perilli,P,Por,Verona,IN_LISTONE,1,1,,,,,Perilli Verona fbref,https://fbref.com/en/search/search.fcgi?search=Perilli%20Verona%20fbref,batch-10,487,3,needs-review,,,,
fc-219,219,Sommariva,P,Por,Genoa,IN_LISTONE,1,1,,,,,Sommariva Genoa fbref,https://fbref.com/en/search/search.fcgi?search=Sommariva%20Genoa%20fbref,batch-11,502,2,needs-review,,,,
fc-188,188,Leali,P,Por,Genoa,IN_LISTONE,9,1,,,,,Leali Genoa fbref,https://fbref.com/en/search/search.fcgi?search=Leali%20Genoa%20fbref,batch-07,323,20,needs-review,,,,
fc-158,158,Lezzerini,P,Por,Fiorentina,IN_LISTONE,1,1,,,,,Lezzerini Fiorentina fbref,https://fbref.com/en/search/search.fcgi?search=Lezzerini%20Fiorentina%20fbref,batch-11,514,1,needs-review,,,,
fc-4,4,Sportiello,P,Por,Atalanta,IN_LISTONE,1,1,,,,,Sportiello Atalanta fbref,https://fbref.com/en/search/search.fcgi?search=Sportiello%20Atalanta%20fbref,batch-11,503,2,needs-review,,,,
